,name,price,location,rating,important_info,specifications,link
0,Ferienwohnung Selinda,$905,"Niederried bei Interlaken, Canton of Bern"," ""Excellent""",empty,430 ft² Apartment ∙ 1 bedroom ∙ 2 guests,/rental/fe0d5566d6d65495abf56fa45eb25ab6?duration=6&location=5460aea910151&arrival=2021-05-31&persons=2&adults=2&bedrooms=1&maxPricePerNight=208USD&pricetype=totalPrice&searchId=a0e9c18804f87c21
1,Cà dal Bosc e Cà sgrüscia,$776,"Maggia, Ticino"," ""Very good"" ",empty,540 ft² House ∙ 1 bedroom ∙ 2 guests,/rental/682734f558206c9b3e3e38955a47c701?duration=6&location=5460aea910151&arrival=2021-05-31&persons=2&adults=2&bedrooms=1&maxPricePerNight=208USD&pricetype=totalPrice&searchId=a0e9c18804f87c21
2,"Maisonette GENTIANA ""ein nest für 2""",$856,"Grächen, Valais"," ""Outstanding"" ", Free cancellation ,590 ft² Apartment ∙ 1 bedroom ∙ 2 guests,/rental/f14d7c729926e39b5499846fdf1d960e?duration=6&location=5460aea910151&arrival=2021-05-31&persons=2&adults=2&bedrooms=1&maxPricePerNight=208USD&pricetype=totalPrice&searchId=a0e9c18804f87c21
3,Gîtes gorevirat,$658,"Corcelles, Canton of Bern"," ""Excellent""", Free cancellation In high demand ,750 ft² Apartment ∙ 1 bedroom ∙ 2 guests,/rental/4e33b2aa79201ed577934b54642f9b57?duration=6&location=5460aea910151&arrival=2021-05-31&persons=2&adults=2&bedrooms=1&maxPricePerNight=208USD&pricetype=totalPrice&searchId=a0e9c18804f87c21
4,Young Backpackers Homestay,$944,"Kriens, Lucerne"," ""Outstanding"" ", Free cancellation Hot tub ,Hostel,/rental/d2b73eeaa9fc764ee0314730a7258d30?duration=6&location=5460aea910151&arrival=2021-05-31&persons=2&adults=2&bedrooms=1&maxPricePerNight=208USD&pricetype=totalPrice&searchId=a0e9c18804f87c21
5,Alpensonne,$701,"Reckingen-Gluringen, Valais"," ""Excellent""", Free cancellation ,780 ft² Apartment ∙ 2 bedrooms ∙ 4 guests,/rental/623483d2bf9d8d8376612243aad30ee6?duration=6&location=5460aea910151&arrival=2021-05-31&persons=2&adults=2&bedrooms=1&maxPricePerNight=208USD&pricetype=totalPrice&searchId=a0e9c18804f87c21
6,Jasmin,$399,"Charmey, Canton of Fribourg"," ""Very good"" ",empty,430 ft² Apartment ∙ 2 bedrooms ∙ 4 guests,/rental/97763aad1f49b6d43152147e721744cb?duration=6&location=5460aea910151&arrival=2021-05-31&persons=2&adults=2&bedrooms=1&maxPricePerNight=208USD&pricetype=totalPrice&searchId=a0e9c18804f87c21
7,Les NIS,$375,"Bourg-Saint-Pierre, Valais"," ""Very good"" ", Free cancellation Hot tub ,810 ft² Apartment ∙ 2 bedrooms ∙ 5 guests,/rental/c14de534ea57d94f1cbcda45c295064d?duration=6&location=5460aea910151&arrival=2021-05-31&persons=2&adults=2&bedrooms=1&maxPricePerNight=208USD&pricetype=totalPrice&searchId=a0e9c18804f87c21
8,Lovely Guesthouse with Lakeview,$953,"Herrliberg, Zurich"," ""Outstanding"" ",empty,290 ft² Apartment ∙ 1 bedroom ∙ 2 guests,/rental/800fb0211a9a36861d02046bb7d27675?duration=6&location=5460aea910151&arrival=2021-05-31&persons=2&adults=2&bedrooms=1&maxPricePerNight=208USD&pricetype=totalPrice&searchId=a0e9c18804f87c21
9,Chalet Lombardie,$656,"Nendaz, Valais"," ""Outstanding"" ",empty,480 ft² House ∙ 1 bedroom ∙ 3 guests,/rental/2c8ed77ce078d77c798248342014efa9?duration=6&location=5460aea910151&arrival=2021-05-31&persons=2&adults=2&bedrooms=1&maxPricePerNight=208USD&pricetype=totalPrice&searchId=a0e9c18804f87c21
10,Le studio du moléson,"$1,035","Gruyères, Canton of Fribourg"," ""Excellent""", Free cancellation Hot tub ,320 ft² Apartment ∙ 1 bedroom ∙ 2 guests,/rental/85ff0e58b257d036b7758b7ec6341d00?duration=6&location=5460aea910151&arrival=2021-05-31&persons=2&adults=2&bedrooms=1&maxPricePerNight=208USD&pricetype=totalPrice&searchId=a0e9c18804f87c21
11,Alp Apartments,$646,"Engelberg, Canton of Obwalden"," ""Outstanding"" ", Free cancellation ,220 ft² Apartment ∙ 2 guests,/rental/35bcf3b134391809b072e9931f8da1a9?duration=6&location=5460aea910151&arrival=2021-05-31&persons=2&adults=2&bedrooms=1&maxPricePerNight=208USD&pricetype=totalPrice&searchId=a0e9c18804f87c21
12,Ferienstudio Familie Fässler-Dörig,$485,"Appenzell District, Appenzell Innerrhoden"," ""Excellent""", Free cancellation In high demand ,380 ft² Chalet ∙ 2 guests,/rental/match56e199dc09778?duration=6&location=5460aea910151&arrival=2021-05-31&persons=2&adults=2&bedrooms=1&maxPricePerNight=208USD&pricetype=totalPrice&searchId=a0e9c18804f87c21
13,Casa Belvedere,$656,"Rovio, Ticino"," ""Outstanding"" ", Free cancellation ,430 ft² Apartment ∙ 2 guests,/rental/9705eba7495ee11ba5c2c666b7b695fd?duration=6&location=5460aea910151&arrival=2021-05-31&persons=2&adults=2&bedrooms=1&maxPricePerNight=208USD&pricetype=totalPrice&searchId=a0e9c18804f87c21
14,New renovated flat in protected chalet,$866,"Interlaken, Canton of Bern"," ""Excellent""", Free cancellation Ocean view ,990 ft² Apartment ∙ 2 bedrooms ∙ 4 guests,/rental/cb801723b6a4f3edaa9d592cc7ba195e?duration=6&location=5460aea910151&arrival=2021-05-31&persons=2&adults=2&bedrooms=1&maxPricePerNight=208USD&pricetype=totalPrice&searchId=a0e9c18804f87c21
15,"Familien - Apartment, Auszeit in den Bergen",$776,"Glarus Süd, Canton of Glarus"," ""Very good"" ", Free cancellation ,700 ft² Apartment ∙ 2 bedrooms ∙ 4 guests,/rental/e79d8c047d9935469769b849d0052dab?duration=6&location=5460aea910151&arrival=2021-05-31&persons=2&adults=2&bedrooms=1&maxPricePerNight=208USD&pricetype=totalPrice&searchId=a0e9c18804f87c21
16,La vecchia Birreria,$706,"Bregaglia, Grisons"," ""Excellent""", Free cancellation ,970 ft² House ∙ 3 bedrooms ∙ 6 guests,/rental/ceef6f59cfc89390423dc2029c27575c?duration=6&location=5460aea910151&arrival=2021-05-31&persons=2&adults=2&bedrooms=1&maxPricePerNight=208USD&pricetype=totalPrice&searchId=a0e9c18804f87c21
17,Les chambres et Roulottes des Noisetiers,$944,"Ormont-Dessous, Vaud"," ""Outstanding"" ", Free cancellation Hot tub ,Chambre d'Hôtes,/rental/99974c1b28647f69040cbb0fe4164cc4?duration=6&location=5460aea910151&arrival=2021-05-31&persons=2&adults=2&bedrooms=1&maxPricePerNight=208USD&pricetype=totalPrice&searchId=a0e9c18804f87c21
18,EMA House Serviced Apartments Superior Unterstrass,$983,"Zürich, Zurich"," ""Outstanding"" ", Free cancellation ,420 ft² Apartment ∙ 2 guests,/rental/1c09ace5807e614ecd3c119ac1ffc27f?duration=6&location=5460aea910151&arrival=2021-05-31&persons=2&adults=2&bedrooms=1&maxPricePerNight=208USD&pricetype=totalPrice&searchId=a0e9c18804f87c21
19,Studio Brigerbad,$492,"Brig, Valais"," ""Very good"" ",Pool ,270 ft² Apartment ∙ 1 bedroom ∙ 2 guests,/rental/b232ecf30f552bf03df249d502842a1c?duration=6&location=5460aea910151&arrival=2021-05-31&persons=2&adults=2&bedrooms=1&maxPricePerNight=208USD&pricetype=totalPrice&searchId=a0e9c18804f87c21
20,"Apartment 2,5 Zimmer im Ferienhaus Damian",$485,"Glarus Süd, Canton of Glarus"," ""Very good"" ", Free cancellation ,540 ft² Apartment ∙ 1 bedroom ∙ 2 guests,/rental/413c475ad73fd586a0cff4bafb364967?duration=6&location=5460aea910151&arrival=2021-05-31&persons=2&adults=2&bedrooms=1&maxPricePerNight=208USD&pricetype=totalPrice&searchId=a0e9c18804f87c21
21,Ferienwohnung Stoffel,$528,"Avers, Grisons"," ""Outstanding"" ", Free cancellation ,640 ft² Apartment ∙ 1 bedroom ∙ 5 guests,/rental/fa56beec441a5a9690c1fcb599b1a632?duration=6&location=5460aea910151&arrival=2021-05-31&persons=2&adults=2&bedrooms=1&maxPricePerNight=208USD&pricetype=totalPrice&searchId=a0e9c18804f87c21
22,Ferien im Paradies,$711,"Brienzwiler, Canton of Bern"," ""Excellent""", Free cancellation ,810 ft² Apartment ∙ 2 bedrooms ∙ 4 guests,/rental/ae7e464bed181fde6a74becc9b2248e1?duration=6&location=5460aea910151&arrival=2021-05-31&persons=2&adults=2&bedrooms=1&maxPricePerNight=208USD&pricetype=totalPrice&searchId=a0e9c18804f87c21
23,Cosy Studio In Lausanne Center,$320,"Lausanne, Vaud"," ""Outstanding"" ",empty,Apartment ∙ 1 bedroom ∙ 2 guests,/rental/8a42a2ce1fd8597cbc0073ea915ea98a?duration=6&location=5460aea910151&arrival=2021-05-31&persons=2&adults=2&bedrooms=1&maxPricePerNight=208USD&pricetype=totalPrice&searchId=a0e9c18804f87c21
24,Appartamento Chesa Polaschin,$927,"Silvaplana, Grisons"," ""Outstanding"" ",empty,810 ft² Apartment ∙ 2 bedrooms ∙ 4 guests,/rental/914eba8f567afb2a8b58b09e4b8872e8?duration=6&location=5460aea910151&arrival=2021-05-31&persons=2&adults=2&bedrooms=1&maxPricePerNight=208USD&pricetype=totalPrice&searchId=a0e9c18804f87c21
25,Loft NAP,$647,"Bonvillars, Vaud"," ""Outstanding"" ", Free cancellation ,Chambre d'Hôtes,/rental/8fb62f6e6a6b88a0f46c314bf4c432e1?duration=6&location=5460aea910151&arrival=2021-05-31&persons=2&adults=2&bedrooms=1&maxPricePerNight=208USD&pricetype=totalPrice&searchId=a0e9c18804f87c21
26,Joline private guest apartment feel like home,$996,"Nidau, Canton of Bern",empty, Free cancellation ,750 ft² Apartment ∙ 2 bedrooms ∙ 4 guests,/rental/84197e187dce321f69bbcf5eb24d2893?duration=6&location=5460aea910151&arrival=2021-05-31&persons=2&adults=2&bedrooms=1&maxPricePerNight=208USD&pricetype=totalPrice&searchId=a0e9c18804f87c21
27,Haus Corina,$440,"Klosters-Serneus, Grisons"," ""Outstanding"" ", Free cancellation ,660 ft² Apartment ∙ 1 bedroom ∙ 3 guests,/rental/match56e192619ae61?duration=6&location=5460aea910151&arrival=2021-05-31&persons=2&adults=2&bedrooms=1&maxPricePerNight=208USD&pricetype=totalPrice&searchId=a0e9c18804f87c21
28,Appartement Torgon,$490,"Vionnaz, Valais"," ""Very good"" ",empty,430 ft² Apartment ∙ 1 bedroom ∙ 3 guests,/rental/00bbc44a4f475085a7fb92414e5ae74d?duration=6&location=5460aea910151&arrival=2021-05-31&persons=2&adults=2&bedrooms=1&maxPricePerNight=208USD&pricetype=totalPrice&searchId=a0e9c18804f87c21
29,Apartment Astrid,$815,"Münster-Geschinen, Valais"," ""Outstanding"" ", Free cancellation ,810 ft² Apartment ∙ 2 bedrooms ∙ 4 guests,/rental/1ddb1867c0ff62ccdfa8c678842fbb84?duration=6&location=5460aea910151&arrival=2021-05-31&persons=2&adults=2&bedrooms=1&maxPricePerNight=208USD&pricetype=totalPrice&searchId=a0e9c18804f87c21
30,Garni Elena,"$1,196","Losone, Ticino"," ""Very good"" ", Free cancellation Pool ,Chambre d'Hôtes,/rental/59c6ff3f75dff46fd3c3c865ed7b4b8c?duration=6&location=5460aea910151&arrival=2021-05-31&persons=2&adults=2&bedrooms=1&maxPricePerNight=208USD&pricetype=totalPrice&searchId=a0e9c18804f87c21
31,Börtji,$841,"Davos, Grisons"," ""Excellent""",empty,1070 ft² Apartment ∙ 2 bedrooms ∙ 4 guests,/rental/ae51471996a083214ceab9e13c96c575?duration=6&location=5460aea910151&arrival=2021-05-31&persons=2&adults=2&bedrooms=1&maxPricePerNight=208USD&pricetype=totalPrice&searchId=a0e9c18804f87c21
32,Ferienwohnung im Grünen,$668,"Grindelwald, Canton of Bern"," ""Very good"" ",empty,650 ft² Apartment ∙ 2 bedrooms ∙ 4 guests,/rental/match56e19024a9f54?duration=6&location=5460aea910151&arrival=2021-05-31&persons=2&adults=2&bedrooms=1&maxPricePerNight=208USD&pricetype=totalPrice&searchId=a0e9c18804f87c21
33,Haus am Golfplatz,$582,"Klosters-Serneus, Grisons",empty,empty,860 ft² Apartment ∙ 2 bedrooms ∙ 4 guests,/rental/f7c9366632122a2c6a3e317ef1ddc9c4?duration=6&location=5460aea910151&arrival=2021-05-31&persons=2&adults=2&bedrooms=1&maxPricePerNight=208USD&pricetype=totalPrice&searchId=a0e9c18804f87c21
34,Chalet Z' Flesche,$783,"Zermatt, Valais"," ""Outstanding"" ",empty,540 ft² Chalet ∙ 2 bedrooms ∙ 4 guests,/rental/match56e17b6dbe9d1?duration=6&location=5460aea910151&arrival=2021-05-31&persons=2&adults=2&bedrooms=1&maxPricePerNight=208USD&pricetype=totalPrice&searchId=a0e9c18804f87c21
35,Chalet Wiesehockli,$970,"Quarten, St. Gallen"," ""Very good"" ",Hot tub ,320 ft² House ∙ 2 bedrooms ∙ 4 guests,/rental/845a5d94df6b744f7bc5ca267f8ecb0d?duration=6&location=5460aea910151&arrival=2021-05-31&persons=2&adults=2&bedrooms=1&maxPricePerNight=208USD&pricetype=totalPrice&searchId=a0e9c18804f87c21
36,Les Dents-du-Midi,$738,"Monthey, Valais"," ""Excellent""",empty,910 ft² Apartment ∙ 2 bedrooms ∙ 4 guests,/rental/9a76e7bea6d36344b3731ebd974fcf5d?duration=6&location=5460aea910151&arrival=2021-05-31&persons=2&adults=2&bedrooms=1&maxPricePerNight=208USD&pricetype=totalPrice&searchId=a0e9c18804f87c21
37,Ferienwohnung Aviez Savognin,"$1,028","Savognin, Grisons"," ""Excellent""",empty,320 ft² Apartment ∙ 1 bedroom ∙ 5 guests,/rental/48b22485ca72905a266575f45bda4d28?duration=6&location=5460aea910151&arrival=2021-05-31&persons=2&adults=2&bedrooms=1&maxPricePerNight=208USD&pricetype=totalPrice&searchId=a0e9c18804f87c21
38,Haus Cristal,$353,"Leukerbad, Valais"," ""Outstanding"" ", Free cancellation ,190 ft² Apartment ∙ 2 guests,/rental/cfc4b09584f34326f06c60ab091d46f9?duration=6&location=5460aea910151&arrival=2021-05-31&persons=2&adults=2&bedrooms=1&maxPricePerNight=208USD&pricetype=totalPrice&searchId=a0e9c18804f87c21
39,Chalet Schuler,"$1,073","Zermatt, Valais"," ""Excellent""", Free cancellation ,320 ft² House ∙ 1 bedroom ∙ 2 guests,/rental/eb3c8ade786d8302c7255f748e474fa4?duration=6&location=5460aea910151&arrival=2021-05-31&persons=2&adults=2&bedrooms=1&maxPricePerNight=208USD&pricetype=totalPrice&searchId=a0e9c18804f87c21
40,Ferien am See,$576,"Erlach, Canton of Bern"," ""Outstanding"" ", Free cancellation ,230 ft² House ∙ 2 bedrooms ∙ 4 guests,/rental/5a2a3fe091a94b4e2703f706a73ad2f4?duration=6&location=5460aea910151&arrival=2021-05-31&persons=2&adults=2&bedrooms=1&maxPricePerNight=208USD&pricetype=totalPrice&searchId=a0e9c18804f87c21
41,Tgèsa Dutg Grond,$582,"Tujetsch, Grisons"," ""Outstanding"" ",empty,510 ft² Apartment ∙ 2 bedrooms ∙ 4 guests,/rental/4177127d466b6188004f44b3b753c870?duration=6&location=5460aea910151&arrival=2021-05-31&persons=2&adults=2&bedrooms=1&maxPricePerNight=208USD&pricetype=totalPrice&searchId=a0e9c18804f87c21
42,Chalet Adler,$518,"Grächen, Valais"," ""Outstanding"" ", Free cancellation ,1610 ft² Apartment ∙ 3 bedrooms ∙ 5 guests,/rental/1d067ff0bea83a929586b100ccd28f00?duration=6&location=5460aea910151&arrival=2021-05-31&persons=2&adults=2&bedrooms=1&maxPricePerNight=208USD&pricetype=totalPrice&searchId=a0e9c18804f87c21
43,Casa Rosmarino,"$1,054","Gordola, Ticino"," ""Outstanding"" ",empty,750 ft² House ∙ 2 bedrooms ∙ 4 guests,/rental/match56e1849c6771c?duration=6&location=5460aea910151&arrival=2021-05-31&persons=2&adults=2&bedrooms=1&maxPricePerNight=208USD&pricetype=totalPrice&searchId=a0e9c18804f87c21
44,Appartamento Seaesta Isole,$873,"Brissago, Ticino"," ""Outstanding"" ", Free cancellation   Beach access ,540 ft² Apartment ∙ 1 bedroom ∙ 4 guests,/rental/e7a899159bb0276c3d094e99177f2021?duration=6&location=5460aea910151&arrival=2021-05-31&persons=2&adults=2&bedrooms=1&maxPricePerNight=208USD&pricetype=totalPrice&searchId=a0e9c18804f87c21
45,Chalet Le Muguet,"$1,164","Leytron, Valais"," ""Very good"" ",empty,650 ft² House ∙ 2 bedrooms ∙ 4 guests,/rental/ad1d3ceebac55542d94dcca825bba3d4?duration=6&location=5460aea910151&arrival=2021-05-31&persons=2&adults=2&bedrooms=1&maxPricePerNight=208USD&pricetype=totalPrice&searchId=a0e9c18804f87c21
46,Chalet Rosemarie,$808,"Ringgenberg, Canton of Bern"," ""Outstanding"" ", Free cancellation ,810 ft² Apartment ∙ 2 bedrooms ∙ 4 guests,/rental/8eaeef980a16c8293ee4e04e0a17a0ef?duration=6&location=5460aea910151&arrival=2021-05-31&persons=2&adults=2&bedrooms=1&maxPricePerNight=208USD&pricetype=totalPrice&searchId=a0e9c18804f87c21
47,Chalet Victoria,$348,"Saint Niklaus, Valais"," ""Very good"" ",empty,650 ft² Apartment ∙ 1 bedroom ∙ 3 guests,/rental/3b5c9de7450debfa0df50122decd9783?duration=6&location=5460aea910151&arrival=2021-05-31&persons=2&adults=2&bedrooms=1&maxPricePerNight=208USD&pricetype=totalPrice&searchId=a0e9c18804f87c21
48,Casa Valtiarm,$375,"Lumnezia, Grisons"," ""Outstanding"" ", Free cancellation ,430 ft² Apartment ∙ 1 bedroom ∙ 4 guests,/rental/match5660072d7f069?duration=6&location=5460aea910151&arrival=2021-05-31&persons=2&adults=2&bedrooms=1&maxPricePerNight=208USD&pricetype=totalPrice&searchId=a0e9c18804f87c21
49,Chesa Fuolla Rosa - Celerina,$789,"Celerina/Schlarigna, Grisons"," ""Very good"" ",empty,860 ft² Apartment ∙ 2 bedrooms ∙ 4 guests,/rental/78cbf17f634073ca3e4f1166845bf436?duration=6&location=5460aea910151&arrival=2021-05-31&persons=2&adults=2&bedrooms=1&maxPricePerNight=208USD&pricetype=totalPrice&searchId=a0e9c18804f87c21
50,Grosshus Vals,$873,"Vals, Grisons"," ""Outstanding"" ",empty,730 ft² Apartment ∙ 2 bedrooms ∙ 5 guests,/rental/match55ec747cc2b8a?duration=6&location=5460aea910151&arrival=2021-05-31&persons=2&adults=2&bedrooms=1&maxPricePerNight=208USD&pricetype=totalPrice&searchId=a0e9c18804f87c21
51,Bim See,"$1,035","Bettmeralp, Valais"," ""Excellent""",empty,970 ft² Apartment ∙ 3 bedrooms ∙ 6 guests,/rental/d4561c833cdc269e0878a69684bb5566?duration=6&location=5460aea910151&arrival=2021-05-31&persons=2&adults=2&bedrooms=1&maxPricePerNight=208USD&pricetype=totalPrice&searchId=a0e9c18804f87c21
52,Monte Rosa,$647,"Täsch, Valais"," ""Outstanding"" ", Free cancellation Pool ,320 ft² Apartment ∙ 2 bedrooms ∙ 4 guests,/rental/0323800ec693cd9592862affac320bb7?duration=6&location=5460aea910151&arrival=2021-05-31&persons=2&adults=2&bedrooms=1&maxPricePerNight=208USD&pricetype=totalPrice&searchId=a0e9c18804f87c21
53,Cozy apartment in the green,$927,"Minusio, Ticino"," ""Outstanding"" ", Free cancellation ,650 ft² Apartment ∙ 1 bedroom ∙ 3 guests,/rental/9d3b3b80873490b9141a3ed0fbba997f?duration=6&location=5460aea910151&arrival=2021-05-31&persons=2&adults=2&bedrooms=1&maxPricePerNight=208USD&pricetype=totalPrice&searchId=a0e9c18804f87c21
54,FeWo Fernsicht Crystal,$711,"Adelboden, Canton of Bern",empty,empty,540 ft² Apartment ∙ 2 bedrooms ∙ 5 guests,/rental/c3adb0e27b65d204fa39aa44f73e246f?duration=6&location=5460aea910151&arrival=2021-05-31&persons=2&adults=2&bedrooms=1&maxPricePerNight=208USD&pricetype=totalPrice&searchId=a0e9c18804f87c21
55,Aegerta Alte Schreinerei,$976,"Tschiertschen, Grisons"," ""Outstanding"" ", Free cancellation ,750 ft² House ∙ 2 bedrooms ∙ 4 guests,/rental/6f9e79493e462b2421b0ea4c685b9765?duration=6&location=5460aea910151&arrival=2021-05-31&persons=2&adults=2&bedrooms=1&maxPricePerNight=208USD&pricetype=totalPrice&searchId=a0e9c18804f87c21
56,Jadwiga EG,$479,"Bettmeralp, Valais",empty,empty,540 ft² Apartment ∙ 2 bedrooms ∙ 4 guests,/rental/7b3744bfd425d526cbf28045a747362a?duration=6&location=5460aea910151&arrival=2021-05-31&persons=2&adults=2&bedrooms=1&maxPricePerNight=208USD&pricetype=totalPrice&searchId=a0e9c18804f87c21
57,"Comfortable chalet in the heart of nature, calm and peaceful","$1,061","Saint-Luc, Valais",empty,empty,590 ft² House ∙ 2 bedrooms ∙ 4 guests,/rental/1940deaf52947b5a4a77eff8e635acdd?duration=6&location=5460aea910151&arrival=2021-05-31&persons=2&adults=2&bedrooms=1&maxPricePerNight=208USD&pricetype=totalPrice&searchId=a0e9c18804f87c21
58,Albula,"$1,157","Schmitten, Grisons"," ""Very good"" ",empty,1400 ft² House ∙ 3 bedrooms ∙ 6 guests,/rental/98e771e2f1fe66ba0294e2b798bc395d?duration=6&location=5460aea910151&arrival=2021-05-31&persons=2&adults=2&bedrooms=1&bathrooms=1&maxPricePerNight=208USD&pricetype=totalPrice&timestamp=2021-04-07T20%3A20%3A42%2B02%3A00&id=match53e3507ce9774&directId=98e771e2f1fe66ba0294e2b798bc395d&searchId=a0e9c18804f87c21&screen=search&isHotel=0&clickId=4J82FRRQ&sT=withDates&pCon=1156.8%7CUSD%7C2021-05-31%7C6%7C2%7C1617819642%7C0%7C0%7C1617819642%7C2%7C0%7C0&prodName=JM&prodSource=Search
59,Haus Edelweiss,$938,"Bad Ragaz, St. Gallen",empty,empty,1080 ft² Apartment ∙ 2 bedrooms ∙ 6 guests,/rental/fed259ddd12827ac3f1fe6054be8eaf0?duration=6&location=5460aea910151&arrival=2021-05-31&persons=2&adults=2&bedrooms=1&maxPricePerNight=208USD&pricetype=totalPrice&searchId=a0e9c18804f87c21
60,Lakeside Apartments Rorschach - easy self check-in,$786,"Rorschach, St. Gallen"," ""Very good"" ", Free cancellation In high demand ,750 ft² Apartment ∙ 2 bedrooms ∙ 3 guests,/rental/116ed94ba8ae1de613f3e0f3253d124b?duration=6&location=5460aea910151&arrival=2021-05-31&persons=2&adults=2&bedrooms=1&maxPricePerNight=208USD&pricetype=totalPrice&searchId=a0e9c18804f87c21
61,Palüdetta 8,$744,"Silvaplana, Grisons"," ""Very good"" ",In high demand   Beach access ,1180 ft² Apartment ∙ 2 bedrooms ∙ 5 guests,/rental/973864d900dd8c28706979383645e56f?duration=6&location=5460aea910151&arrival=2021-05-31&persons=2&adults=2&bedrooms=1&maxPricePerNight=208USD&pricetype=totalPrice&searchId=a0e9c18804f87c21
62,Bel appartement au centre de Champéry avec vue,$707,"Champéry, Valais"," ""Very good"" ",empty,590 ft² Apartment ∙ 1 bedroom ∙ 4 guests,/rental/d8599b0e9cba6cab8685e3388a14fc6e?duration=6&location=5460aea910151&arrival=2021-05-31&persons=2&adults=2&bedrooms=1&maxPricePerNight=208USD&pricetype=totalPrice&searchId=a0e9c18804f87c21
63,Chasa Bazzell,$356,"Scuol, Grisons"," ""Excellent""",empty,520 ft² Apartment ∙ 2 bedrooms ∙ 5 guests,/rental/d76e132b53448473720850c7660d6f3e?duration=6&location=5460aea910151&arrival=2021-05-31&persons=2&adults=2&bedrooms=1&maxPricePerNight=208USD&pricetype=totalPrice&searchId=a0e9c18804f87c21
64,Jizerka,$862,"Alt Saint Johann, St. Gallen"," ""Very good"" ", Free cancellation ,910 ft² Apartment ∙ 2 bedrooms ∙ 5 guests,/rental/a69195ac9cb28c42c9960af817dcee9b?duration=6&location=5460aea910151&arrival=2021-05-31&persons=2&adults=2&bedrooms=1&maxPricePerNight=208USD&pricetype=totalPrice&searchId=a0e9c18804f87c21
65,"Swiss Chalet in the calm village of Albinen near Leukerbad, Valais",$803,"Albinen, Valais"," ""Very good"" ",empty,500 ft² Apartment ∙ 1 bedroom ∙ 2 guests,/rental/e2d84ccc74a754100a9bc4ad11af67bd?duration=6&location=5460aea910151&arrival=2021-05-31&persons=2&adults=2&bedrooms=1&maxPricePerNight=208USD&pricetype=totalPrice&searchId=a0e9c18804f87c21
66,Chalet Bergli,$970,"Weggis, Lucerne"," ""Outstanding"" ", Free cancellation ,Apartment ∙ 1 bedroom ∙ 4 guests,/rental/ffdb6f8a31852fd8f49cf3eed8350df7?duration=6&location=5460aea910151&arrival=2021-05-31&persons=2&adults=2&bedrooms=1&maxPricePerNight=208USD&pricetype=totalPrice&searchId=a0e9c18804f87c21
67,Casa Pesci,"$1,196","Gambarogno, Ticino"," ""Very good"" ",Pool ,750 ft² Apartment ∙ 3 bedrooms ∙ 6 guests,/rental/d5aa927dad9063b49d4fa802fb65b35b?duration=6&location=5460aea910151&arrival=2021-05-31&persons=2&adults=2&bedrooms=1&maxPricePerNight=208USD&pricetype=totalPrice&searchId=a0e9c18804f87c21
68,Chasa Rachögna,$726,"Scuol, Grisons"," ""Outstanding"" ",empty,700 ft² Apartment ∙ 1 bedroom ∙ 5 guests,/rental/34aaac0001d779da13b26b1b630b1be2?duration=6&location=5460aea910151&arrival=2021-05-31&persons=2&adults=2&bedrooms=1&maxPricePerNight=208USD&pricetype=totalPrice&searchId=a0e9c18804f87c21
69,Parking & Appartement 2 pièces sans traffic,$635,"Lausanne, Vaud",empty, Free cancellation In high demand ,380 ft² Apartment ∙ 2 bedrooms ∙ 3 guests,/rental/5031314054d2313cd240569a53b33638?duration=6&location=5460aea910151&arrival=2021-05-31&persons=2&adults=2&bedrooms=1&maxPricePerNight=208USD&pricetype=totalPrice&searchId=a0e9c18804f87c21
70,Carpe Diem,$763,"Wildhaus, St. Gallen"," ""Good"" ", Free cancellation ,1130 ft² House ∙ 4 bedrooms ∙ 6 guests,/rental/4caba2683fa4d198385462c0e0bf3ffa?duration=6&location=5460aea910151&arrival=2021-05-31&persons=2&adults=2&bedrooms=1&maxPricePerNight=208USD&pricetype=totalPrice&searchId=a0e9c18804f87c21
71,Apartment Sandgasse,$776,"Glarus Süd, Canton of Glarus"," ""Outstanding"" ", Free cancellation ,860 ft² Apartment ∙ 3 bedrooms ∙ 6 guests,/rental/801fdc4f1cbf57af98796fdbe436bcf3?duration=6&location=5460aea910151&arrival=2021-05-31&persons=2&adults=2&bedrooms=1&maxPricePerNight=208USD&pricetype=totalPrice&searchId=a0e9c18804f87c21
72,Casa Olivo,$808,"Collina d'Oro, Ticino"," ""Outstanding"" ", Free cancellation ,860 ft² House ∙ 1 bedroom ∙ 2 guests,/rental/f11289661fd0d3da5a5e9fab16afd0a7?duration=6&location=5460aea910151&arrival=2021-05-31&persons=2&adults=2&bedrooms=1&maxPricePerNight=208USD&pricetype=totalPrice&searchId=a0e9c18804f87c21
73,Cozy quiet apartment with terrace close to center,$647,"Klosters-Serneus, Grisons"," ""Very good"" ", Free cancellation ,650 ft² Apartment ∙ 1 bedroom ∙ 3 guests,/rental/700c7655d95913dbed06637e4934b018?duration=6&location=5460aea910151&arrival=2021-05-31&persons=2&adults=2&bedrooms=1&maxPricePerNight=208USD&pricetype=totalPrice&searchId=a0e9c18804f87c21
74,Collina d'Oro Orselina Locarno,"$1,035","Orselina, Ticino"," ""Very good"" ", Free cancellation Pool ,480 ft² Apartment ∙ 1 bedroom ∙ 2 guests,/rental/match56e191b85287d?duration=6&location=5460aea910151&arrival=2021-05-31&persons=2&adults=2&bedrooms=1&maxPricePerNight=208USD&pricetype=totalPrice&searchId=a0e9c18804f87c21
75,"Moderne Wohnung im Zentrum von Leukerbad, Haus Topas",$770,"Leukerbad, Valais"," ""Outstanding"" ", Free cancellation ,410 ft² Apartment ∙ 1 bedroom ∙ 4 guests,/rental/45fdf571ff011478cbc66bfe707212a7?duration=6&location=5460aea910151&arrival=2021-05-31&persons=2&adults=2&bedrooms=1&maxPricePerNight=208USD&pricetype=totalPrice&searchId=a0e9c18804f87c21
76,The Hide Apartments,$776,"Flims, Grisons"," ""Very good"" ", Free cancellation ,460 ft² Apartment ∙ 1 bedroom ∙ 4 guests,/rental/764689b0a46ed44b4f3d6b9fe7fe15e5?duration=6&location=5460aea910151&arrival=2021-05-31&persons=2&adults=2&bedrooms=1&maxPricePerNight=208USD&pricetype=totalPrice&searchId=a0e9c18804f87c21
77,Cà Maria,$582,"Cevio, Ticino"," ""Outstanding"" ", Free cancellation ,430 ft² Apartment ∙ 1 bedroom ∙ 2 guests,/rental/b7f694498fc7b32dc161563a58f51aa0?duration=6&location=5460aea910151&arrival=2021-05-31&persons=2&adults=2&bedrooms=1&maxPricePerNight=208USD&pricetype=totalPrice&searchId=a0e9c18804f87c21
78,Pfaffenstöckli,$776,"Grindelwald, Canton of Bern"," ""Outstanding"" ", Free cancellation ,540 ft² Apartment ∙ 1 bedroom ∙ 2 guests,/rental/match56e17c7dc2b5f?duration=6&location=5460aea910151&arrival=2021-05-31&persons=2&adults=2&bedrooms=1&maxPricePerNight=208USD&pricetype=totalPrice&searchId=a0e9c18804f87c21
79,Edelweiss,$410,"Saas-Balen, Valais"," ""Very good"" ",empty,320 ft² Resort ∙ 1 bedroom ∙ 4 guests,/rental/6a2fd4ead6be90984be782da36926d8e?duration=6&location=5460aea910151&arrival=2021-05-31&persons=2&adults=2&bedrooms=1&bathrooms=1&maxPricePerNight=208USD&pricetype=totalPrice&timestamp=2021-04-07T20%3A20%3A44%2B02%3A00&id=4dca8171c56a2c50&directId=6a2fd4ead6be90984be782da36926d8e&searchId=a0e9c18804f87c21&screen=search&isHotel=0&clickId=4G6QGXVR&sT=withDates&pCon=412.03%7CUSD%7C2021-05-31%7C6%7C2%7C1617819644%7C0%7C0%7C1617819644%7C2%7C0%7C0&prodName=JM&prodSource=Search
80,Rustico 1787,$642,"Pollegio, Ticino"," ""Very good"" ",empty,650 ft² House ∙ 2 bedrooms ∙ 5 guests,/rental/5045662ceca0df5cd5adab22fc863c2a?duration=6&location=5460aea910151&arrival=2021-05-31&persons=2&adults=2&bedrooms=1&bathrooms=1&maxPricePerNight=208USD&pricetype=totalPrice&timestamp=2021-04-07T20%3A20%3A44%2B02%3A00&id=f5ad818295d69daa&directId=5045662ceca0df5cd5adab22fc863c2a&searchId=a0e9c18804f87c21&screen=search&isHotel=0&clickId=4RXM7Y58&sT=withDates&pCon=642%7CUSD%7C2021-05-31%7C6%7C2%7C1617819644%7C0%7C0%7C1617819644%7C2%7C0%7C0&prodName=JM&prodSource=Search
81,Blick auf herrliche Bergwelt,$913,"Schmitten, Grisons"," ""Excellent""",In high demand ,860 ft² Apartment ∙ 3 bedrooms ∙ 5 guests,/rental/471f96173ee9f62deeefbbb046ac104d?duration=6&location=5460aea910151&arrival=2021-05-31&persons=2&adults=2&bedrooms=1&bathrooms=1&maxPricePerNight=208USD&pricetype=totalPrice&timestamp=2021-04-07T20%3A20%3A44%2B02%3A00&id=18f019a26c3992dd&directId=471f96173ee9f62deeefbbb046ac104d&searchId=a0e9c18804f87c21&screen=search&isHotel=0&pa=not_allowed&clickId=HSZ308K4&sT=withDates&pCon=1091.7244345795%7CUSD%7C2021-05-31%7C6%7C2%7C1617819644%7C0%7C0%7C1617819644%7C2%7C0%7C0&prodName=JM&prodSource=Search
82,Baita Ficc,$869,"Acquarossa, Ticino"," ""Very good"" ",empty,620 ft² House ∙ 1 bedroom ∙ 5 guests,/rental/2ee96f027c183dd4c922304810243c54?duration=6&location=5460aea910151&arrival=2021-05-31&persons=2&adults=2&bedrooms=1&bathrooms=1&maxPricePerNight=208USD&pricetype=totalPrice&timestamp=2021-04-07T20%3A20%3A44%2B02%3A00&id=990c03e8cd7e15c1&directId=2ee96f027c183dd4c922304810243c54&searchId=a0e9c18804f87c21&screen=search&isHotel=0&clickId=RLF63WT8&sT=withDates&pCon=868.8%7CUSD%7C2021-05-31%7C6%7C2%7C1617819644%7C0%7C0%7C1617819644%7C2%7C0%7C0&prodName=JM&prodSource=Search
83,Beck,"$1,128","Gambarogno, Ticino"," ""Good"" ",empty,970 ft² Apartment ∙ 2 bedrooms ∙ 5 guests,/rental/f68d82cdd829f67fa9ac3abc4e044048?duration=6&location=5460aea910151&arrival=2021-05-31&persons=2&adults=2&bedrooms=1&bathrooms=1&maxPricePerNight=208USD&pricetype=totalPrice&timestamp=2021-04-07T20%3A20%3A44%2B02%3A00&id=match53e3535a8e793&directId=f68d82cdd829f67fa9ac3abc4e044048&searchId=a0e9c18804f87c21&screen=search&isHotel=0&clickId=PH8LK5D8&sT=withDates&pCon=1128%7CUSD%7C2021-05-31%7C6%7C2%7C1617819644%7C0%7C0%7C1617819644%7C2%7C0%7C0&prodName=JM&prodSource=Search
84,Residence Edelweiss,$516,"Saas-Balen, Valais"," ""Good"" ",empty,310 ft² House ∙ 1 bedroom ∙ 4 guests,/rental/7bc0bf885372d8e33de3d17c55a23e99?duration=6&location=5460aea910151&arrival=2021-05-31&persons=2&adults=2&bedrooms=1&bathrooms=1&maxPricePerNight=208USD&pricetype=totalPrice&timestamp=2021-04-07T20%3A20%3A44%2B02%3A00&id=match545c4c4fa7db0&directId=7bc0bf885372d8e33de3d17c55a23e99&searchId=a0e9c18804f87c21&screen=search&isHotel=0&clickId=HLL1D0TC&sT=withDates&pCon=569.42487161146%7CUSD%7C2021-05-31%7C6%7C2%7C1617819644%7C0%7C0%7C1617819644%7C2%7C0%7C0&prodName=JM&prodSource=Search
85,"Bosco, TICINO TICKET Inklusive!",$652,"Monteggio, Ticino",empty,Pool ,Resort ∙ 5 bedrooms ∙ 7 guests,/rental/cf1c9c6ed6fd74cb498b9c263e138117?duration=6&location=5460aea910151&arrival=2021-05-31&persons=2&adults=2&bedrooms=1&bathrooms=1&maxPricePerNight=208USD&pricetype=totalPrice&timestamp=2021-04-07T20%3A20%3A44%2B02%3A00&id=dd3b3098afbbd8d7&directId=cf1c9c6ed6fd74cb498b9c263e138117&searchId=a0e9c18804f87c21&screen=search&isHotel=0&clickId=RCV80XGL&sT=withDates&pCon=651.6%7CUSD%7C2021-05-31%7C6%7C2%7C1617819644%7C0%7C0%7C1617819644%7C2%7C0%7C0&prodName=JM&prodSource=Search
86,Bergliebe,$557,"Kerns, Canton of Obwalden"," ""Excellent""",In high demand ,690 ft² Apartment ∙ 1 bedroom ∙ 4 guests,/rental/9f33f7e987eff7555555e606e158fde7?duration=6&location=5460aea910151&arrival=2021-05-31&persons=2&adults=2&bedrooms=1&bathrooms=1&maxPricePerNight=208USD&pricetype=totalPrice&timestamp=2021-04-07T20%3A20%3A43%2B02%3A00&id=d9b8030d3b44deac&directId=9f33f7e987eff7555555e606e158fde7&searchId=a0e9c18804f87c21&screen=search&isHotel=0&pa=not_allowed&clickId=FSYLN60C&sT=withDates&pCon=667.15701069172%7CUSD%7C2021-05-31%7C6%7C2%7C1617819643%7C0%7C0%7C1617819643%7C2%7C0%7C0&prodName=JM&prodSource=Search
87,Chesa Seja - Zuoz,$892,"Zuoz, Grisons"," ""Very good"" ",empty,Apartment ∙ 3 bedrooms ∙ 6 guests,/rental/f077fcb2f08a2b69cffb8fcb88b29d05?duration=6&location=5460aea910151&arrival=2021-05-31&persons=2&adults=2&bedrooms=1&bathrooms=1&maxPricePerNight=208USD&pricetype=totalPrice&timestamp=2021-04-07T20%3A20%3A43%2B02%3A00&id=774e002079ce4b55&directId=f077fcb2f08a2b69cffb8fcb88b29d05&searchId=a0e9c18804f87c21&screen=search&isHotel=0&pa=not_allowed&clickId=HV5VLNVV&sT=withDates&pCon=1102.0026473824%7CUSD%7C2021-05-31%7C6%7C2%7C1617819643%7C0%7C0%7C1617819643%7C2%7C0%7C0&prodName=JM&prodSource=Search
88,Bühlen,$585,"Grindelwald, Canton of Bern"," ""Excellent""",In high demand ,520 ft² House ∙ 3 bedrooms ∙ 5 guests,/rental/1021164c927e0ac8bf2e1ee6a1055b60?duration=6&location=5460aea910151&arrival=2021-05-31&persons=2&adults=2&bedrooms=1&bathrooms=1&maxPricePerNight=208USD&pricetype=totalPrice&timestamp=2021-04-07T20%3A20%3A44%2B02%3A00&id=5e9634098e0f54e1&directId=1021164c927e0ac8bf2e1ee6a1055b60&searchId=a0e9c18804f87c21&screen=search&isHotel=0&pa=not_allowed&clickId=TTZC6S1B&sT=withDates&pCon=645.36225629008%7CUSD%7C2021-05-31%7C6%7C2%7C1617819644%7C0%7C0%7C1617819644%7C2%7C0%7C0&prodName=JM&prodSource=Search
89,Chalet Spannortblick,$912,"Engelberg, Canton of Obwalden"," ""Outstanding"" ",empty,Apartment ∙ 2 bedrooms ∙ 4 guests,/rental/d4c8f20ba714ac642e0144122b50ba25?duration=6&location=5460aea910151&arrival=2021-05-31&persons=2&adults=2&bedrooms=1&bathrooms=1&maxPricePerNight=208USD&pricetype=totalPrice&timestamp=2021-04-07T20%3A20%3A44%2B02%3A00&id=match53e3483f6d402&directId=d4c8f20ba714ac642e0144122b50ba25&searchId=a0e9c18804f87c21&screen=search&isHotel=0&clickId=MY2YWWBL&sT=withDates&pCon=912%7CUSD%7C2021-05-31%7C6%7C2%7C1617819644%7C0%7C0%7C1617819644%7C2%7C0%7C0&prodName=JM&prodSource=Search
90,Höchi,"$1,026","Ebnat-Kappel, St. Gallen"," ""Outstanding"" ",empty,320 ft² House ∙ 1 bedroom ∙ 5 guests,/rental/a043443ddd5fe69a491fc295f79ff4bd?duration=6&location=5460aea910151&arrival=2021-05-31&persons=2&adults=2&bedrooms=1&bathrooms=1&maxPricePerNight=208USD&pricetype=totalPrice&timestamp=2021-04-07T20%3A20%3A44%2B02%3A00&id=fab565209444ab25&directId=a043443ddd5fe69a491fc295f79ff4bd&searchId=a0e9c18804f87c21&screen=search&isHotel=0&clickId=LND0T3V5&sT=withDates&pCon=1026%7CUSD%7C2021-05-31%7C6%7C2%7C1617819644%7C0%7C0%7C1617819644%7C2%7C0%7C0&prodName=JM&prodSource=Search
91,Gillioz,$855,"Chalais, Valais"," ""Outstanding"" ",empty,House ∙ 3 bedrooms ∙ 5 guests,/rental/da9dbb274643337f9cca2c48a9db2045?duration=6&location=5460aea910151&arrival=2021-05-31&persons=2&adults=2&bedrooms=1&bathrooms=1&maxPricePerNight=208USD&pricetype=totalPrice&timestamp=2021-04-07T20%3A20%3A45%2B02%3A00&id=match53e351bac36c3&directId=da9dbb274643337f9cca2c48a9db2045&searchId=a0e9c18804f87c21&screen=search&isHotel=0&clickId=L7RH5C4X&sT=withDates&pCon=854.4%7CUSD%7C2021-05-31%7C6%7C2%7C1617819645%7C0%7C0%7C1617819645%7C2%7C0%7C0&prodName=JM&prodSource=Search
92,Allod-Park,$750,"Davos, Grisons"," ""Very good"" ",empty,590 ft² Apartment ∙ 1 bedroom ∙ 4 guests,/rental/3aa07c00468e9cef284cf2d520085ee1?duration=6&location=5460aea910151&arrival=2021-05-31&persons=2&adults=2&bedrooms=1&bathrooms=1&maxPricePerNight=208USD&pricetype=totalPrice&timestamp=2021-04-07T20%3A20%3A45%2B02%3A00&id=match5464a1a13d075&directId=3aa07c00468e9cef284cf2d520085ee1&searchId=a0e9c18804f87c21&screen=search&isHotel=0&clickId=DCQ5M6MZ&sT=withDates&pCon=750%7CUSD%7C2021-05-31%7C6%7C2%7C1617819645%7C0%7C0%7C1617819645%7C2%7C0%7C0&prodName=JM&prodSource=Search
93,La Riva,$932,"Laax, Grisons"," ""Outstanding"" ",empty,1180 ft² Apartment ∙ 2 bedrooms ∙ 4 guests,/rental/951c0640cdb841d6587c90fa4cf546cb?duration=6&location=5460aea910151&arrival=2021-05-31&persons=2&adults=2&bedrooms=1&bathrooms=1&maxPricePerNight=208USD&pricetype=totalPrice&timestamp=2021-04-07T20%3A20%3A47%2B02%3A00&id=match53e34b69c0833&directId=951c0640cdb841d6587c90fa4cf546cb&searchId=a0e9c18804f87c21&screen=search&isHotel=0&clickId=6DZVRD81&sT=withDates&pCon=931.2%7CUSD%7C2021-05-31%7C6%7C2%7C1617819647%7C0%7C0%7C1617819647%7C2%7C0%7C0&prodName=JM&prodSource=Search
94,Rustico Nurell,$635,"Malvaglia, Ticino"," ""Very good"" ",empty,430 ft² House ∙ 1 bedroom ∙ 2 guests,/rental/fb7387754fdb3cb8efc299b9f5905d6e?duration=6&location=5460aea910151&arrival=2021-05-31&persons=2&adults=2&bedrooms=1&bathrooms=1&maxPricePerNight=208USD&pricetype=totalPrice&timestamp=2021-04-07T20%3A20%3A47%2B02%3A00&id=6418d8d6a297bd25&directId=fb7387754fdb3cb8efc299b9f5905d6e&searchId=a0e9c18804f87c21&screen=search&isHotel=0&clickId=VNL23QC6&sT=withDates&pCon=634.8%7CUSD%7C2021-05-31%7C6%7C2%7C1617819647%7C0%7C0%7C1617819647%7C2%7C0%7C0&prodName=JM&prodSource=Search
95,Bellavista,$694,"Cademario, Ticino"," ""Good"" ",Pool ,Apartment ∙ 1 bedroom ∙ 2 guests,/rental/f0c459ef0f217db8a58c33499db23d77?duration=6&location=5460aea910151&arrival=2021-05-31&persons=2&adults=2&bedrooms=1&bathrooms=1&maxPricePerNight=208USD&pricetype=totalPrice&timestamp=2021-04-07T20%3A20%3A47%2B02%3A00&id=match53e34caf1bb86&directId=f0c459ef0f217db8a58c33499db23d77&searchId=a0e9c18804f87c21&screen=search&isHotel=0&clickId=YJT2BGYD&sT=withDates&pCon=693.6%7CUSD%7C2021-05-31%7C6%7C2%7C1617819647%7C0%7C0%7C1617819647%7C2%7C0%7C0&prodName=JM&prodSource=Search
96,"Idyllic holiday home (part of a house) in a quiet, sunny location above Locarno",$633,"Orselina, Ticino"," ""Excellent""",empty,860 ft² House ∙ 1 bedroom ∙ 4 guests,/rental/0c91bcb551ac94f09d5633dc5e4f0f1c?duration=6&location=5460aea910151&arrival=2021-05-31&persons=2&adults=2&bedrooms=1&maxPricePerNight=208USD&pricetype=totalPrice&searchId=a0e9c18804f87c21
97,Le Rollier appartement de vacances,$927,"Gorgier, Canton of Neuchâtel"," ""Very good"" ", Free cancellation ,House ∙ 3 bedrooms ∙ 4 guests,/rental/2063b7dace5e2253d97bb329bb5aa208?duration=6&location=5460aea910151&arrival=2021-05-31&persons=2&adults=2&bedrooms=1&maxPricePerNight=208USD&pricetype=totalPrice&searchId=a0e9c18804f87c21
98,Ringstrasse (Utoring),$914,"Leukerbad, Valais"," ""Very good"" ",empty,970 ft² Apartment ∙ 3 bedrooms ∙ 5 guests,/rental/4e9f4c34d8326efd8c0df26ea13bee05?duration=6&location=5460aea910151&arrival=2021-05-31&persons=2&adults=2&bedrooms=1&bathrooms=1&maxPricePerNight=208USD&pricetype=totalPrice&timestamp=2021-04-07T20%3A20%3A47%2B02%3A00&id=626a331ae440d080&directId=4e9f4c34d8326efd8c0df26ea13bee05&searchId=a0e9c18804f87c21&screen=search&isHotel=0&clickId=H15MW87P&sT=withDates&pCon=913.2%7CUSD%7C2021-05-31%7C6%7C2%7C1617819647%7C0%7C0%7C1617819647%7C2%7C0%7C0&prodName=JM&prodSource=Search
99,Grand Large A/B,$849,"Crans-Montana, Valais"," ""Very good"" ",empty,840 ft² Apartment ∙ 2 bedrooms ∙ 4 guests,/rental/4d4e4d7be3eff6b3a66354aac8a7f1f9?duration=6&location=5460aea910151&arrival=2021-05-31&persons=2&adults=2&bedrooms=1&bathrooms=1&maxPricePerNight=208USD&pricetype=totalPrice&timestamp=2021-04-07T20%3A20%3A49%2B02%3A00&id=match55c8d5d31699d&directId=4d4e4d7be3eff6b3a66354aac8a7f1f9&searchId=a0e9c18804f87c21&screen=search&isHotel=0&clickId=00PWMMSR&sT=withDates&pCon=848.4%7CUSD%7C2021-05-31%7C6%7C2%7C1617819649%7C0%7C0%7C1617819649%7C2%7C0%7C0&prodName=JM&prodSource=Search
100,Residenza Lido,$628,"Locarno, Ticino"," ""Very good"" ",empty,480 ft² Apartment ∙ 1 bedroom ∙ 2 guests,/rental/9fd2c3a8feafe2a53d2b01cd6689e249?duration=6&location=5460aea910151&arrival=2021-05-31&persons=2&adults=2&bedrooms=1&bathrooms=1&maxPricePerNight=208USD&pricetype=totalPrice&timestamp=2021-04-07T20%3A20%3A49%2B02%3A00&id=match53e34a494053d&directId=9fd2c3a8feafe2a53d2b01cd6689e249&searchId=a0e9c18804f87c21&screen=search&isHotel=0&clickId=XK80TWY7&sT=withDates&pCon=627.6%7CUSD%7C2021-05-31%7C6%7C2%7C1617819649%7C0%7C0%7C1617819649%7C2%7C0%7C0&prodName=JM&prodSource=Search
101,Sole Di Caffè Maya,$685,"Vacallo, Ticino",empty, Free cancellation ,House ∙ 2 bedrooms ∙ 5 guests,/rental/0d18ffbb071975f976b7b2455ce2f0e6?duration=6&location=5460aea910151&arrival=2021-05-31&persons=2&adults=2&bedrooms=1&maxPricePerNight=208USD&pricetype=totalPrice&searchId=a0e9c18804f87c21
102,Ferienhaus Egge,$533,"Grengiols, Valais"," ""Outstanding"" ",empty,860 ft² House ∙ 2 bedrooms ∙ 5 guests,/rental/12fb4afa54cd0fe74392a13b7dfbb84f?duration=6&location=5460aea910151&arrival=2021-05-31&persons=2&adults=2&bedrooms=1&bathrooms=1&maxPricePerNight=208USD&pricetype=totalPrice&timestamp=2021-04-07T20%3A20%3A50%2B02%3A00&id=match5592a6dc855c5&directId=12fb4afa54cd0fe74392a13b7dfbb84f&searchId=a0e9c18804f87c21&screen=search&isHotel=0&clickId=4TNW1GH7&sT=withDates&pCon=657.06891511979%7CUSD%7C2021-05-31%7C6%7C2%7C1617819650%7C0%7C0%7C1617819650%7C2%7C0%7C0&prodName=JM&prodSource=Search
103,"Ismene, Chalet",$987,"Gstaad, Canton of Bern",empty,empty,Apartment ∙ 1 bedroom ∙ 4 guests,/rental/c8826abb83b9c3225421ad2e8be08d21?duration=6&location=5460aea910151&arrival=2021-05-31&persons=2&adults=2&bedrooms=1&bathrooms=1&maxPricePerNight=208USD&pricetype=totalPrice&timestamp=2021-04-07T20%3A20%3A50%2B02%3A00&id=match53e34e83733cb&directId=c8826abb83b9c3225421ad2e8be08d21&searchId=a0e9c18804f87c21&screen=search&isHotel=0&clickId=1Q1FRTL9&sT=withDates&pCon=986.4%7CUSD%7C2021-05-31%7C6%7C2%7C1617819650%7C0%7C0%7C1617819650%7C2%7C0%7C0&prodName=JM&prodSource=Search
104,Grossen,$875,"Frutigen, Canton of Bern"," ""Outstanding"" ",empty,540 ft² Farmhouse ∙ 3 bedrooms ∙ 6 guests,/rental/a45819d08e2843332b0e4942234b6d37?duration=6&location=5460aea910151&arrival=2021-05-31&persons=2&adults=2&bedrooms=1&bathrooms=1&maxPricePerNight=208USD&pricetype=totalPrice&timestamp=2021-04-07T20%3A20%3A51%2B02%3A00&id=match53e34214d22f4&directId=a45819d08e2843332b0e4942234b6d37&searchId=a0e9c18804f87c21&screen=search&isHotel=0&clickId=XPQKJT3S&sT=withDates&pCon=874.8%7CUSD%7C2021-05-31%7C6%7C2%7C1617819651%7C0%7C0%7C1617819651%7C2%7C0%7C0&prodName=JM&prodSource=Search
105,Domaine des Reines D3,$906,"Nendaz, Valais"," ""Outstanding"" ",Pool ,720 ft² Apartment ∙ 2 bedrooms ∙ 4 guests,/rental/08cda16de4478bd016b0100708d20eca?duration=6&location=5460aea910151&arrival=2021-05-31&persons=2&adults=2&bedrooms=1&bathrooms=1&maxPricePerNight=208USD&pricetype=totalPrice&timestamp=2021-04-07T20%3A20%3A51%2B02%3A00&id=7b2931c07e46453d&directId=08cda16de4478bd016b0100708d20eca&searchId=a0e9c18804f87c21&screen=search&isHotel=0&clickId=8WSHF7KG&sT=withDates&pCon=906%7CUSD%7C2021-05-31%7C6%7C2%7C1617819651%7C0%7C0%7C1617819651%7C2%7C0%7C0&prodName=JM&prodSource=Search
106,Chalet Marie Rosa,"$1,131","Grindelwald, Canton of Bern"," ""Good"" ",empty,650 ft² Apartment ∙ 1 bedroom ∙ 4 guests,/rental/27b38fd178335229f3fde0a86e2bc1cf?duration=6&location=5460aea910151&arrival=2021-05-31&persons=2&adults=2&bedrooms=1&bathrooms=1&maxPricePerNight=208USD&pricetype=totalPrice&timestamp=2021-04-07T20%3A20%3A51%2B02%3A00&id=match53e34b052c9ea&directId=27b38fd178335229f3fde0a86e2bc1cf&searchId=a0e9c18804f87c21&screen=search&isHotel=0&clickId=47DY74MF&sT=withDates&pCon=1130.4%7CUSD%7C2021-05-31%7C6%7C2%7C1617819651%7C0%7C0%7C1617819651%7C2%7C0%7C0&prodName=JM&prodSource=Search
107,Summit Rez,$998,"Bagnes, Valais"," ""Good"" ",empty,820 ft² Apartment ∙ 2 bedrooms ∙ 4 guests,/rental/6d57931b0f55c8bc2f91523c8474b01a?duration=6&location=5460aea910151&arrival=2021-05-31&persons=2&adults=2&bedrooms=1&bathrooms=1&maxPricePerNight=208USD&pricetype=totalPrice&timestamp=2021-04-07T20%3A20%3A52%2B02%3A00&id=match53e3508759dd0&directId=6d57931b0f55c8bc2f91523c8474b01a&searchId=a0e9c18804f87c21&screen=search&isHotel=0&clickId=BS607HWM&sT=withDates&pCon=997.2%7CUSD%7C2021-05-31%7C6%7C2%7C1617819652%7C0%7C0%7C1617819652%7C2%7C0%7C0&prodName=JM&prodSource=Search
108,"Flat ""Ingrid"" with Matterhorn view",$813,"Zermatt, Valais"," ""Outstanding"" ",In high demand ,850 ft² Apartment ∙ 2 bedrooms ∙ 4 guests,/rental/51af96fdc3be2e6b0411cd37cbd80a43?duration=6&location=5460aea910151&arrival=2021-05-31&persons=2&adults=2&bedrooms=1&bathrooms=1&maxPricePerNight=208USD&pricetype=totalPrice&timestamp=2021-04-07T20%3A20%3A52%2B02%3A00&id=match563b735b6e18b&directId=51af96fdc3be2e6b0411cd37cbd80a43&searchId=a0e9c18804f87c21&screen=search&isHotel=0&pa=not_allowed&clickId=X5FC6S5Q&sT=withDates&pCon=1074.3287079395%7CUSD%7C2021-05-31%7C6%7C2%7C1617819652%7C0%7C0%7C1617819652%7C2%7C0%7C0&prodName=JM&prodSource=Search
109,Grosshorn,"$1,031","Lauterbrunnen, Canton of Bern"," ""Very good"" ",empty,860 ft² Apartment ∙ 2 bedrooms ∙ 4 guests,/rental/131c6143ef6123475902337a5ebc9ba1?duration=6&location=5460aea910151&arrival=2021-05-31&persons=2&adults=2&bedrooms=1&bathrooms=1&maxPricePerNight=208USD&pricetype=totalPrice&timestamp=2021-04-07T20%3A20%3A53%2B02%3A00&id=match53e341da3b2ad&directId=131c6143ef6123475902337a5ebc9ba1&searchId=a0e9c18804f87c21&screen=search&isHotel=0&clickId=DCK13XP5&sT=withDates&pCon=1030.8%7CUSD%7C2021-05-31%7C6%7C2%7C1617819653%7C0%7C0%7C1617819653%7C2%7C0%7C0&prodName=JM&prodSource=Search
110,Amici 1. Stock Allegra,"$1,224","Riederalp, Valais"," ""Excellent""",empty,800 ft² Apartment ∙ 2 bedrooms ∙ 4 guests,/rental/94bc4659c9be6e8db57025cf566872b0?duration=6&location=5460aea910151&arrival=2021-05-31&persons=2&adults=2&bedrooms=1&bathrooms=1&maxPricePerNight=208USD&pricetype=totalPrice&timestamp=2021-04-07T20%3A20%3A53%2B02%3A00&id=9849068d96839f3f&directId=94bc4659c9be6e8db57025cf566872b0&searchId=a0e9c18804f87c21&screen=search&isHotel=0&clickId=H26X57FC&sT=withDates&pCon=1224%7CUSD%7C2021-05-31%7C6%7C2%7C1617819653%7C0%7C0%7C1617819653%7C2%7C0%7C0&prodName=JM&prodSource=Search
111,Ai Funtann,$592,"Bruzella, Ticino"," ""Very good"" ",empty,House ∙ 2 bedrooms ∙ 4 guests,/rental/f0e096c46ea24c25305eb8d7e5bf0892?duration=6&location=5460aea910151&arrival=2021-05-31&persons=2&adults=2&bedrooms=1&bathrooms=1&maxPricePerNight=208USD&pricetype=totalPrice&timestamp=2021-04-07T20%3A20%3A53%2B02%3A00&id=5f7fa39bce550be9&directId=f0e096c46ea24c25305eb8d7e5bf0892&searchId=a0e9c18804f87c21&screen=search&isHotel=0&clickId=L3142J22&sT=withDates&pCon=591.6%7CUSD%7C2021-05-31%7C6%7C2%7C1617819653%7C0%7C0%7C1617819653%7C2%7C0%7C0&prodName=JM&prodSource=Search
112,Marilyn,$990,"Visperterminen, Valais"," ""Outstanding"" ",empty,540 ft² Apartment ∙ 3 bedrooms ∙ 5 guests,/rental/4f3c2d834136a4e848f9ffa25c7723f8?duration=6&location=5460aea910151&arrival=2021-05-31&persons=2&adults=2&bedrooms=1&bathrooms=1&maxPricePerNight=208USD&pricetype=totalPrice&timestamp=2021-04-07T20%3A20%3A54%2B02%3A00&id=46dae7d6d1a6e089&directId=4f3c2d834136a4e848f9ffa25c7723f8&searchId=a0e9c18804f87c21&screen=search&isHotel=0&clickId=ZCKNQSQ1&sT=withDates&pCon=990%7CUSD%7C2021-05-31%7C6%7C2%7C1617819654%7C0%7C0%7C1617819654%7C2%7C0%7C0&prodName=JM&prodSource=Search
113,Mondzeu A258,$960,"Bagnes, Valais"," ""Very good"" ",Pool ,690 ft² Apartment ∙ 1 bedroom ∙ 4 guests,/rental/d54a8940ecd710b7e8aaad9aabc9a68b?duration=6&location=5460aea910151&arrival=2021-05-31&persons=2&adults=2&bedrooms=1&bathrooms=1&maxPricePerNight=208USD&pricetype=totalPrice&timestamp=2021-04-07T20%3A20%3A54%2B02%3A00&id=match53e3428e7592b&directId=d54a8940ecd710b7e8aaad9aabc9a68b&searchId=a0e9c18804f87c21&screen=search&isHotel=0&clickId=XN0PLRH4&sT=withDates&pCon=960%7CUSD%7C2021-05-31%7C6%7C2%7C1617819654%7C0%7C0%7C1617819654%7C2%7C0%7C0&prodName=JM&prodSource=Search
114,Wartstein/Wärgistal Apartment with 4 beds,$649,"Grindelwald, Canton of Bern"," ""Excellent""",In high demand ,690 ft² Apartment ∙ 2 bedrooms ∙ 6 guests,/rental/b1b2460d83fe1512fa3bf2dcfc7be3b0?duration=6&location=5460aea910151&arrival=2021-05-31&persons=2&adults=2&bedrooms=1&bathrooms=1&maxPricePerNight=208USD&pricetype=totalPrice&timestamp=2021-04-07T20%3A20%3A54%2B02%3A00&id=41b392b33ea4b900&directId=b1b2460d83fe1512fa3bf2dcfc7be3b0&searchId=a0e9c18804f87c21&screen=search&isHotel=0&pa=not_allowed&clickId=VKX2066L&sT=withDates&pCon=778.03413782958%7CUSD%7C2021-05-31%7C6%7C2%7C1617819654%7C0%7C0%7C1617819654%7C2%7C0%7C0&prodName=JM&prodSource=Search
115,Esther,"$1,059","Davos, Grisons"," ""Very good"" ",empty,750 ft² Apartment ∙ 3 bedrooms ∙ 5 guests,/rental/1ce826e9c4fda0efe034b2049b5503b7?duration=6&location=5460aea910151&arrival=2021-05-31&persons=2&adults=2&bedrooms=1&bathrooms=1&maxPricePerNight=208USD&pricetype=totalPrice&timestamp=2021-04-07T20%3A20%3A55%2B02%3A00&id=151f72f15f7d7f94&directId=1ce826e9c4fda0efe034b2049b5503b7&searchId=a0e9c18804f87c21&screen=search&isHotel=0&clickId=FFRVRY6C&sT=withDates&pCon=1058.4%7CUSD%7C2021-05-31%7C6%7C2%7C1617819655%7C0%7C0%7C1617819655%7C2%7C0%7C0&prodName=JM&prodSource=Search
116,Silence,"$1,079","Zermatt, Valais"," ""Very good"" ",empty,730 ft² Apartment ∙ 1 bedroom ∙ 6 guests,/rental/9e298d3f6bf0703d90761f8d3ade221e?duration=6&location=5460aea910151&arrival=2021-05-31&persons=2&adults=2&bedrooms=1&bathrooms=1&maxPricePerNight=208USD&pricetype=totalPrice&timestamp=2021-04-07T20%3A20%3A55%2B02%3A00&id=match53e34cc80a252&directId=9e298d3f6bf0703d90761f8d3ade221e&searchId=a0e9c18804f87c21&screen=search&isHotel=0&clickId=PBTML7RY&sT=withDates&pCon=1078.8%7CUSD%7C2021-05-31%7C6%7C2%7C1617819655%7C0%7C0%7C1617819655%7C2%7C0%7C0&prodName=JM&prodSource=Search
117,Le Bristol B52,$965,"Ollon, Vaud"," ""Very good"" ",Pool ,590 ft² Apartment ∙ 1 bedroom ∙ 4 guests,/rental/a428bba2d5efc77c9dd838af836d4773?duration=6&location=5460aea910151&arrival=2021-05-31&persons=2&adults=2&bedrooms=1&bathrooms=1&maxPricePerNight=208USD&pricetype=totalPrice&timestamp=2021-04-07T20%3A20%3A56%2B02%3A00&id=match53e34d936dae1&directId=a428bba2d5efc77c9dd838af836d4773&searchId=a0e9c18804f87c21&screen=search&isHotel=0&clickId=9H15RGLN&sT=withDates&pCon=964.8%7CUSD%7C2021-05-31%7C6%7C2%7C1617819656%7C0%7C0%7C1617819656%7C2%7C0%7C0&prodName=JM&prodSource=Search
118,Chesa Davatz,$913,"Zuoz, Grisons"," ""Excellent""",In high demand ,1030 ft² Apartment ∙ 2 bedrooms ∙ 4 guests,/rental/5d7c5fff7acf3b95623ddd8d2e68bc28?duration=6&location=5460aea910151&arrival=2021-05-31&persons=2&adults=2&bedrooms=1&bathrooms=1&maxPricePerNight=208USD&pricetype=totalPrice&timestamp=2021-04-07T20%3A20%3A56%2B02%3A00&id=match563bce9de025e&directId=5d7c5fff7acf3b95623ddd8d2e68bc28&searchId=a0e9c18804f87c21&screen=search&isHotel=0&pa=not_allowed&clickId=J1PF8PCH&sT=withDates&pCon=1063.5276727512%7CUSD%7C2021-05-31%7C6%7C2%7C1617819656%7C0%7C0%7C1617819656%7C2%7C0%7C0&prodName=JM&prodSource=Search
119,Magic chalet for 2 people,$500,"Evolène, Valais"," ""Outstanding"" ", Free cancellation In high demand ,390 ft² House ∙ 1 bedroom ∙ 4 guests,/rental/5b46e67c45b7a9d41a3fb071987d4318?duration=6&location=5460aea910151&arrival=2021-05-31&persons=2&adults=2&bedrooms=1&maxPricePerNight=208USD&pricetype=totalPrice&searchId=a0e9c18804f87c21
120,Maiensäss Bostg Cabernard Brigels,$617,"Breil/Brigels, Grisons"," ""Very good"" ",empty,340 ft² Apartment ∙ 1 bedroom ∙ 4 guests,/rental/d2415abff26d7d813baf30297035a5cb?duration=6&location=5460aea910151&arrival=2021-05-31&persons=2&adults=2&bedrooms=1&bathrooms=1&maxPricePerNight=208USD&pricetype=totalPrice&timestamp=2021-04-07T20%3A20%3A57%2B02%3A00&id=match557161c690e4f&directId=d2415abff26d7d813baf30297035a5cb&searchId=a0e9c18804f87c21&screen=search&isHotel=0&clickId=0WF1MQ9S&sT=withDates&pCon=616.8%7CUSD%7C2021-05-31%7C6%7C2%7C1617819657%7C0%7C0%7C1617819657%7C2%7C0%7C0&prodName=JM&prodSource=Search
121,Cà du Papa 2,$849,"Intragna, Ticino",empty,In high demand ,970 ft² House ∙ 2 bedrooms ∙ 6 guests,/rental/291426fdb65014a9e32c83a66a29757d?duration=6&location=5460aea910151&arrival=2021-05-31&persons=2&adults=2&bedrooms=1&bathrooms=1&maxPricePerNight=208USD&pricetype=totalPrice&timestamp=2021-04-07T20%3A20%3A57%2B02%3A00&id=match56b865424c51c&directId=291426fdb65014a9e32c83a66a29757d&searchId=a0e9c18804f87c21&screen=search&isHotel=0&pa=not_allowed&clickId=8F4YJF6S&sT=withDates&pCon=890.40734675223%7CUSD%7C2021-05-31%7C6%7C2%7C1617819657%7C0%7C0%7C1617819657%7C2%7C0%7C0&prodName=JM&prodSource=Search
122,Apartment in the mountain village of Isenfluh,$393,"Lauterbrunnen, Canton of Bern",empty, Free cancellation ,650 ft² House ∙ 1 bedroom ∙ 4 guests,/rental/29024b1f08f131afac577af92c898cbf?duration=6&location=5460aea910151&arrival=2021-05-31&persons=2&adults=2&bedrooms=1&maxPricePerNight=208USD&pricetype=totalPrice&searchId=a0e9c18804f87c21
123,Casablanca,$914,"Gambarogno, Ticino"," ""Outstanding"" ",Pool ,470 ft² Apartment ∙ 1 bedroom ∙ 4 guests,/rental/852ea82f316a63209fb764eb6975132e?duration=6&location=5460aea910151&arrival=2021-05-31&persons=2&adults=2&bedrooms=1&bathrooms=1&maxPricePerNight=208USD&pricetype=totalPrice&timestamp=2021-04-07T20%3A20%3A58%2B02%3A00&id=8b5f66d257ba1eed&directId=852ea82f316a63209fb764eb6975132e&searchId=a0e9c18804f87c21&screen=search&isHotel=0&clickId=830NTHNY&sT=withDates&pCon=913.2%7CUSD%7C2021-05-31%7C6%7C2%7C1617819658%7C0%7C0%7C1617819658%7C2%7C0%7C0&prodName=JM&prodSource=Search
124,Studio Rinderbergblick,$604,"Zweisimmen, Canton of Bern"," ""Outstanding"" ",empty,Apartment ∙ 1 bedroom ∙ 2 guests,/rental/bca282a7ced7f143e202ad28e507ce8b?duration=6&location=5460aea910151&arrival=2021-05-31&persons=2&adults=2&bedrooms=1&bathrooms=1&maxPricePerNight=208USD&pricetype=totalPrice&timestamp=2021-04-07T20%3A20%3A58%2B02%3A00&id=da627e500c2e6fc8&directId=bca282a7ced7f143e202ad28e507ce8b&searchId=a0e9c18804f87c21&screen=search&isHotel=0&clickId=G0YQ250L&sT=withDates&pCon=603.6%7CUSD%7C2021-05-31%7C6%7C2%7C1617819658%7C0%7C0%7C1617819658%7C2%7C0%7C0&prodName=JM&prodSource=Search
125,"Wiler Wohnung ""Outlook""","$1,013","Sarnen, Canton of Obwalden"," ""Excellent""",In high demand ,1240 ft² Apartment ∙ 3 bedrooms ∙ 5 guests,/rental/464c0cc0b3b0fce12cc0f95d3ab8a398?duration=6&location=5460aea910151&arrival=2021-05-31&persons=2&adults=2&bedrooms=1&bathrooms=1&maxPricePerNight=208USD&pricetype=totalPrice&timestamp=2021-04-07T20%3A20%3A59%2B02%3A00&id=396c6a16101c2c38&directId=464c0cc0b3b0fce12cc0f95d3ab8a398&searchId=a0e9c18804f87c21&screen=search&isHotel=0&pa=not_allowed&clickId=Q6DPM0NK&sT=withDates&pCon=1123.6522470668%7CUSD%7C2021-05-31%7C6%7C2%7C1617819659%7C0%7C0%7C1617819659%7C2%7C0%7C0&prodName=JM&prodSource=Search
126,Airy studio sunehus. ch,$678,"Teufen, Appenzell Outer Rhodes",empty,In high demand Hot tub ,430 ft² Apartment ∙ 1 bedroom ∙ 2 guests,/rental/8cd1247ddb569ee2cb79ce6e7c34b3e2?duration=6&location=5460aea910151&arrival=2021-05-31&persons=2&adults=2&bedrooms=1&bathrooms=1&maxPricePerNight=208USD&pricetype=totalPrice&timestamp=2021-04-07T20%3A20%3A59%2B02%3A00&id=429818471692929d&directId=8cd1247ddb569ee2cb79ce6e7c34b3e2&searchId=a0e9c18804f87c21&screen=search&isHotel=0&pa=not_allowed&clickId=2Y4ZY79W&sT=withDates&pCon=731.15058845216%7CUSD%7C2021-05-31%7C6%7C2%7C1617819659%7C0%7C0%7C1617819659%7C2%7C0%7C0&prodName=JM&prodSource=Search
127,Panoramic apartment with swimming pool,"$1,070","Gersau, Canton of Schwyz"," ""Very good"" ", Free cancellation Pool ,Apartment ∙ 2 bedrooms ∙ 4 guests,/rental/264c44717e6a6cfff8c3774870f7265d?duration=6&location=5460aea910151&arrival=2021-05-31&persons=2&adults=2&bedrooms=1&maxPricePerNight=208USD&pricetype=totalPrice&searchId=a0e9c18804f87c21
128,Casa Altorfer,$785,"Locarno, Ticino"," ""Very good"" ",empty,Apartment ∙ 2 bedrooms ∙ 4 guests,/rental/76f5d07ae07a5984f0573c263d079b1f?duration=6&location=5460aea910151&arrival=2021-05-31&persons=2&adults=2&bedrooms=1&bathrooms=1&maxPricePerNight=208USD&pricetype=totalPrice&timestamp=2021-04-07T20%3A21%3A00%2B02%3A00&id=match56b8ea6621a7b&directId=76f5d07ae07a5984f0573c263d079b1f&searchId=a0e9c18804f87c21&screen=search&isHotel=0&clickId=WCLZ4BLJ&sT=withDates&pCon=784.8%7CUSD%7C2021-05-31%7C6%7C2%7C1617819660%7C0%7C0%7C1617819660%7C2%7C0%7C0&prodName=JM&prodSource=Search
129,"Apart House Surselva, Obersaxen Surcuolm",$578,"Surcuolm, Grisons"," ""Outstanding"" ",In high demand ,540 ft² Apartment ∙ 2 bedrooms ∙ 5 guests,/rental/5198b1a6f6e3644da2a32320b4af9e7c?duration=6&location=5460aea910151&arrival=2021-05-31&persons=2&adults=2&bedrooms=1&bathrooms=1&maxPricePerNight=208USD&pricetype=totalPrice&timestamp=2021-04-07T20%3A21%3A00%2B02%3A00&id=eee9a5e9681c379b&directId=5198b1a6f6e3644da2a32320b4af9e7c&searchId=a0e9c18804f87c21&screen=search&isHotel=0&pa=not_allowed&clickId=6005W2WP&sT=withDates&pCon=732.98510193848%7CUSD%7C2021-05-31%7C6%7C2%7C1617819660%7C0%7C0%7C1617819660%7C2%7C0%7C0&prodName=JM&prodSource=Search
130,Beautiful Holiday Apartment in Brissago with Pool & Terrace,"$1,251","Brissago, Ticino"," ""Outstanding"" ",Pool ,650 ft² Apartment ∙ 1 bedroom ∙ 4 guests,/rental/107464148b45d05b?duration=6&location=5460aea910151&arrival=2021-05-31&persons=2&adults=2&bedrooms=1&bathrooms=1&maxPricePerNight=208USD&pricetype=totalPrice&timestamp=2021-04-07T20%3A21%3A01%2B02%3A00&id=c72617cea47b2de7&directId=107464148b45d05b&searchId=a0e9c18804f87c21&screen=search&isHotel=0&clickId=QJ2QY23W&sT=withDates&pCon=1250.5816658911%7CUSD%7C2021-05-31%7C6%7C2%7C1617819661%7C0%7C0%7C1617819661%7C2%7C0%7C0&prodName=JM&prodSource=Search
131,Chalet Bärgsunna,"$1,197","Grindelwald, Canton of Bern"," ""Very good"" ",empty,650 ft² Apartment ∙ 1 bedroom ∙ 4 guests,/rental/9e1acbdb60323b1d8a04882e9da07cab?duration=6&location=5460aea910151&arrival=2021-05-31&persons=2&adults=2&bedrooms=1&bathrooms=1&maxPricePerNight=208USD&pricetype=totalPrice&timestamp=2021-04-07T20%3A21%3A01%2B02%3A00&id=match53e342b403062&directId=9e1acbdb60323b1d8a04882e9da07cab&searchId=a0e9c18804f87c21&screen=search&isHotel=0&clickId=WD296HL2&sT=withDates&pCon=1196.4%7CUSD%7C2021-05-31%7C6%7C2%7C1617819661%7C0%7C0%7C1617819661%7C2%7C0%7C0&prodName=JM&prodSource=Search
132,Zur Säge,$600,"Inden, Valais"," ""Very good"" ",empty,510 ft² House ∙ 2 bedrooms ∙ 4 guests,/rental/267f07b6742cb14a7be4274f4028e3cf?duration=6&location=5460aea910151&arrival=2021-05-31&persons=2&adults=2&bedrooms=1&bathrooms=1&maxPricePerNight=208USD&pricetype=totalPrice&timestamp=2021-04-07T20%3A21%3A01%2B02%3A00&id=match53e34ab939ac8&directId=267f07b6742cb14a7be4274f4028e3cf&searchId=a0e9c18804f87c21&screen=search&isHotel=0&clickId=GZC5JB56&sT=withDates&pCon=600%7CUSD%7C2021-05-31%7C6%7C2%7C1617819661%7C0%7C0%7C1617819661%7C2%7C0%7C0&prodName=JM&prodSource=Search
133,Cozy old town penthouse in the middle of the rose town of Bischofszell,$699,"Bischofszell, Thurgau"," ""Outstanding"" ", Free cancellation ,Apartment ∙ 2 bedrooms ∙ 5 guests,/rental/3e0e9ca36d4930a577a84301e4cc867b?duration=6&location=5460aea910151&arrival=2021-05-31&persons=2&adults=2&bedrooms=1&maxPricePerNight=208USD&pricetype=totalPrice&searchId=a0e9c18804f87c21
134,Anno Domini,$912,"Adelboden, Canton of Bern"," ""Outstanding"" ",empty,Apartment ∙ 1 bedroom ∙ 4 guests,/rental/102cb2a71d16f9293ff7b258006178dc?duration=6&location=5460aea910151&arrival=2021-05-31&persons=2&adults=2&bedrooms=1&bathrooms=1&maxPricePerNight=208USD&pricetype=totalPrice&timestamp=2021-04-07T20%3A21%3A02%2B02%3A00&id=match542e669630e13&directId=102cb2a71d16f9293ff7b258006178dc&searchId=a0e9c18804f87c21&screen=search&isHotel=0&clickId=63LJR75V&sT=withDates&pCon=912%7CUSD%7C2021-05-31%7C6%7C2%7C1617819662%7C0%7C0%7C1617819662%7C2%7C0%7C0&prodName=JM&prodSource=Search
135,Time to relax - Wonderful apartment with balcony and fireplace,$706,"Langwies, Grisons"," ""Outstanding"" ", Free cancellation ,620 ft² House ∙ 2 bedrooms ∙ 4 guests,/rental/4a3c71e5a14772f9f4ca69971e4f8eb9?duration=6&location=5460aea910151&arrival=2021-05-31&persons=2&adults=2&bedrooms=1&maxPricePerNight=208USD&pricetype=totalPrice&searchId=a0e9c18804f87c21
136,Alphütte Gibelhüttli,$586,"Lenk im Simmental, Canton of Bern"," ""Outstanding"" ",empty,Apartment ∙ 2 bedrooms ∙ 5 guests,/rental/df263497241d012580ff2c9e210119b7?duration=6&location=5460aea910151&arrival=2021-05-31&persons=2&adults=2&bedrooms=1&bathrooms=1&maxPricePerNight=208USD&pricetype=totalPrice&timestamp=2021-04-07T20%3A21%3A03%2B02%3A00&id=match53e351f481901&directId=df263497241d012580ff2c9e210119b7&searchId=a0e9c18804f87c21&screen=search&isHotel=0&clickId=0F9HFZHT&sT=withDates&pCon=585.6%7CUSD%7C2021-05-31%7C6%7C2%7C1617819663%7C0%7C0%7C1617819663%7C2%7C0%7C0&prodName=JM&prodSource=Search
137,Zapfe (Moore),"$1,138","Gstaad, Canton of Bern"," ""Excellent""",empty,Apartment ∙ 2 bedrooms ∙ 5 guests,/rental/c84e746fdf3e9f6e9f3017f85aff1369?duration=6&location=5460aea910151&arrival=2021-05-31&persons=2&adults=2&bedrooms=1&bathrooms=1&maxPricePerNight=208USD&pricetype=totalPrice&timestamp=2021-04-07T20%3A21%3A03%2B02%3A00&id=match53e34f92c71e4&directId=c84e746fdf3e9f6e9f3017f85aff1369&searchId=a0e9c18804f87c21&screen=search&isHotel=0&clickId=DCSGPYZJ&sT=withDates&pCon=1137.6%7CUSD%7C2021-05-31%7C6%7C2%7C1617819663%7C0%7C0%7C1617819663%7C2%7C0%7C0&prodName=JM&prodSource=Search
138,Les Arolles 704,$701,"Riddes, Valais"," ""Very good"" ",empty,620 ft² Apartment ∙ 1 bedroom ∙ 4 guests,/rental/9019463aa601d28b833e2212ffda5801?duration=6&location=5460aea910151&arrival=2021-05-31&persons=2&adults=2&bedrooms=1&bathrooms=1&maxPricePerNight=208USD&pricetype=totalPrice&timestamp=2021-04-07T20%3A21%3A04%2B02%3A00&id=match53e3477ac27bd&directId=9019463aa601d28b833e2212ffda5801&searchId=a0e9c18804f87c21&screen=search&isHotel=0&clickId=5RFPQFJG&sT=withDates&pCon=700.8%7CUSD%7C2021-05-31%7C6%7C2%7C1617819664%7C0%7C0%7C1617819664%7C2%7C0%7C0&prodName=JM&prodSource=Search
139,Casa Irmella 12 - Arosa,$649,"Arosa, Grisons"," ""Very good"" ",In high demand Pool ,650 ft² Apartment ∙ 1 bedroom ∙ 5 guests,/rental/a6d43d21e7d76f18344cb5dd752eb3c6?duration=6&location=5460aea910151&arrival=2021-05-31&persons=2&adults=2&bedrooms=1&bathrooms=1&maxPricePerNight=208USD&pricetype=totalPrice&timestamp=2021-04-07T20%3A21%3A04%2B02%3A00&id=1b576d4714b9e916&directId=a6d43d21e7d76f18344cb5dd752eb3c6&searchId=a0e9c18804f87c21&screen=search&isHotel=0&pa=not_allowed&clickId=SC07DKTN&sT=withDates&pCon=832.5827663483%7CUSD%7C2021-05-31%7C6%7C2%7C1617819664%7C0%7C0%7C1617819664%7C2%7C0%7C0&prodName=JM&prodSource=Search
140,Chalet Schwendihus,"$1,043","Grindelwald, Canton of Bern"," ""Very good"" ",empty,750 ft² Apartment ∙ 2 bedrooms ∙ 4 guests,/rental/212b3331a57738b7afce47751a8f9893?duration=6&location=5460aea910151&arrival=2021-05-31&persons=2&adults=2&bedrooms=1&bathrooms=1&maxPricePerNight=208USD&pricetype=totalPrice&timestamp=2021-04-07T20%3A21%3A04%2B02%3A00&id=match53e3431334e97&directId=212b3331a57738b7afce47751a8f9893&searchId=a0e9c18804f87c21&screen=search&isHotel=0&clickId=G6P12L5T&sT=withDates&pCon=1042.8%7CUSD%7C2021-05-31%7C6%7C2%7C1617819664%7C0%7C0%7C1617819664%7C2%7C0%7C0&prodName=JM&prodSource=Search
141,"Chesa Prüma, apartment number 3",$527,"La Punt-Chamues-ch, Grisons"," ""Excellent""",In high demand ,570 ft² Apartment ∙ 2 bedrooms ∙ 4 guests,/rental/2c779c357ab4ccb6c44ee13703561c04?duration=6&location=5460aea910151&arrival=2021-05-31&persons=2&adults=2&bedrooms=1&bathrooms=1&maxPricePerNight=208USD&pricetype=totalPrice&timestamp=2021-04-07T20%3A21%3A05%2B02%3A00&id=f65c49bc5842a864&directId=2c779c357ab4ccb6c44ee13703561c04&searchId=a0e9c18804f87c21&screen=search&isHotel=0&pa=not_allowed&clickId=DCH65VSG&sT=withDates&pCon=682.46144779024%7CUSD%7C2021-05-31%7C6%7C2%7C1617819665%7C0%7C0%7C1617819665%7C2%7C0%7C0&prodName=JM&prodSource=Search
142,Casa alle Vigne Apt. 101,$685,"Ascona, Ticino"," ""Outstanding"" ",In high demand Pool ,540 ft² Apartment ∙ 1 bedroom ∙ 4 guests,/rental/1ee17a6c3917237c7c89d94bb61d8bf7?duration=6&location=5460aea910151&arrival=2021-05-31&persons=2&adults=2&bedrooms=1&bathrooms=1&maxPricePerNight=208USD&pricetype=totalPrice&timestamp=2021-04-07T20%3A21%3A05%2B02%3A00&id=match568ce4e961a4a&directId=1ee17a6c3917237c7c89d94bb61d8bf7&searchId=a0e9c18804f87c21&screen=search&isHotel=0&pa=not_allowed&clickId=G3T8DPBK&sT=withDates&pCon=858.92179906896%7CUSD%7C2021-05-31%7C6%7C2%7C1617819665%7C0%7C0%7C1617819665%7C2%7C0%7C0&prodName=JM&prodSource=Search
143,Casa Beatrice,$585,"Ronco sopra Ascona, Ticino"," ""Outstanding"" ",In high demand ,810 ft² Apartment ∙ 2 bedrooms ∙ 4 guests,/rental/0b4dd40eeec806f531634289316554e5?duration=6&location=5460aea910151&arrival=2021-05-31&persons=2&adults=2&bedrooms=1&bathrooms=1&maxPricePerNight=208USD&pricetype=totalPrice&timestamp=2021-04-07T20%3A21%3A05%2B02%3A00&id=match56d96eaad8f2b&directId=0b4dd40eeec806f531634289316554e5&searchId=a0e9c18804f87c21&screen=search&isHotel=0&pa=not_allowed&clickId=J31KJV0H&sT=withDates&pCon=717.37172433952%7CUSD%7C2021-05-31%7C6%7C2%7C1617819665%7C0%7C0%7C1617819665%7C2%7C0%7C0&prodName=JM&prodSource=Search
144,Les Beluardes Bl. 151/2,$456,"Gryon, Vaud"," ""Good"" ",empty,320 ft² Resort ∙ 1 bedroom ∙ 2 guests,/rental/45bde1369079ea691a2400fd1636bc2f?duration=6&location=5460aea910151&arrival=2021-05-31&persons=2&adults=2&bedrooms=1&bathrooms=1&maxPricePerNight=208USD&pricetype=totalPrice&timestamp=2021-04-07T20%3A21%3A07%2B02%3A00&id=13519c86e03c1521&directId=45bde1369079ea691a2400fd1636bc2f&searchId=a0e9c18804f87c21&screen=search&isHotel=0&clickId=8YCPMJV5&sT=withDates&pCon=456%7CUSD%7C2021-05-31%7C6%7C2%7C1617819667%7C0%7C0%7C1617819667%7C2%7C0%7C0&prodName=JM&prodSource=Search
145,Wohnung Nr. 3,"$1,052","Lugano, Ticino"," ""Good"" ",empty,860 ft² Apartment ∙ 2 bedrooms ∙ 5 guests,/rental/2c61f8610f6392ee039800fb33d4a26c?duration=6&location=5460aea910151&arrival=2021-05-31&persons=2&adults=2&bedrooms=1&bathrooms=1&maxPricePerNight=208USD&pricetype=totalPrice&timestamp=2021-04-07T20%3A21%3A07%2B02%3A00&id=match53e345dc20256&directId=2c61f8610f6392ee039800fb33d4a26c&searchId=a0e9c18804f87c21&screen=search&isHotel=0&clickId=VBNPGLJY&sT=withDates&pCon=1051.2%7CUSD%7C2021-05-31%7C6%7C2%7C1617819667%7C0%7C0%7C1617819667%7C2%7C0%7C0&prodName=JM&prodSource=Search
146,Sörenweg 5,$570,"Engelberg, Canton of Obwalden"," ""Excellent""",empty,Apartment ∙ 1 bedroom ∙ 2 guests,/rental/9106c6d1643371feb7fdc5e0fe22bc80?duration=6&location=5460aea910151&arrival=2021-05-31&persons=2&adults=2&bedrooms=1&bathrooms=1&maxPricePerNight=208USD&pricetype=totalPrice&timestamp=2021-04-07T20%3A21%3A08%2B02%3A00&id=db6244edeaf39709&directId=9106c6d1643371feb7fdc5e0fe22bc80&searchId=a0e9c18804f87c21&screen=search&isHotel=0&clickId=Z7YT0F7V&sT=withDates&pCon=570%7CUSD%7C2021-05-31%7C6%7C2%7C1617819668%7C0%7C0%7C1617819668%7C2%7C0%7C0&prodName=JM&prodSource=Search
147,Apartment Guttannen DG,$849,"Guttannen, Canton of Bern",empty,In high demand ,Apartment ∙ 3 bedrooms ∙ 6 guests,/rental/5f0c1037e2c0cf388c82fe7282d873cb?duration=6&location=5460aea910151&arrival=2021-05-31&persons=2&adults=2&bedrooms=1&bathrooms=1&maxPricePerNight=208USD&pricetype=totalPrice&timestamp=2021-04-07T20%3A21%3A08%2B02%3A00&id=c35ae1b3e5095d64&directId=5f0c1037e2c0cf388c82fe7282d873cb&searchId=a0e9c18804f87c21&screen=search&isHotel=0&pa=not_allowed&clickId=RLVP42NY&sT=withDates&pCon=1212.4779049791%7CUSD%7C2021-05-31%7C6%7C2%7C1617819668%7C0%7C0%7C1617819668%7C2%7C0%7C0&prodName=JM&prodSource=Search
148,"Apartment Chalet Stieregg, Studio",$527,"Grindelwald, Canton of Bern"," ""Excellent""",In high demand ,300 ft² Apartment ∙ 1 bedroom ∙ 2 guests,/rental/16266dd76336147d95957ab4d4b11979?duration=6&location=5460aea910151&arrival=2021-05-31&persons=2&adults=2&bedrooms=1&bathrooms=1&maxPricePerNight=208USD&pricetype=totalPrice&timestamp=2021-04-07T20%3A21%3A08%2B02%3A00&id=7e22dfe402eb0bf2&directId=16266dd76336147d95957ab4d4b11979&searchId=a0e9c18804f87c21&screen=search&isHotel=0&pa=not_allowed&clickId=5WY8SSP2&sT=withDates&pCon=640.75916062677%7CUSD%7C2021-05-31%7C6%7C2%7C1617819668%7C0%7C0%7C1617819668%7C2%7C0%7C0&prodName=JM&prodSource=Search
149,Amiel Parterre,$858,"Riederalp, Valais"," ""Very good"" ",empty,Apartment ∙ 2 bedrooms ∙ 5 guests,/rental/bddf1e5cf85ac963c997a01b2c0b8fbb?duration=6&location=5460aea910151&arrival=2021-05-31&persons=2&adults=2&bedrooms=1&bathrooms=1&maxPricePerNight=208USD&pricetype=totalPrice&timestamp=2021-04-07T20%3A21%3A09%2B02%3A00&id=313a446c9e974580&directId=bddf1e5cf85ac963c997a01b2c0b8fbb&searchId=a0e9c18804f87c21&screen=search&isHotel=0&clickId=HJ802BY5&sT=withDates&pCon=858%7CUSD%7C2021-05-31%7C6%7C2%7C1617819669%7C0%7C0%7C1617819669%7C2%7C0%7C0&prodName=JM&prodSource=Search
150,"Apartment with overwhelming mountain views in ski resort, near Aletschglacier",$642,"Bellwald, Valais"," ""Excellent""",empty,690 ft² House ∙ 2 bedrooms ∙ 4 guests,/rental/60dbc661f44d9ad4?duration=6&location=5460aea910151&arrival=2021-05-31&persons=2&adults=2&bedrooms=1&maxPricePerNight=208USD&pricetype=totalPrice&searchId=a0e9c18804f87c21
151,Weisshorn,$579,"Bettmeralp, Valais"," ""Outstanding"" ",empty,340 ft² Apartment ∙ 1 bedroom ∙ 2 guests,/rental/c69ab5e96dc5a64f7910e95d8b25e3f2?duration=6&location=5460aea910151&arrival=2021-05-31&persons=2&adults=2&bedrooms=1&bathrooms=1&maxPricePerNight=208USD&pricetype=totalPrice&timestamp=2021-04-07T20%3A21%3A09%2B02%3A00&id=match54649ea0c8c17&directId=c69ab5e96dc5a64f7910e95d8b25e3f2&searchId=a0e9c18804f87c21&screen=search&isHotel=0&clickId=03F4C17G&sT=withDates&pCon=578.4%7CUSD%7C2021-05-31%7C6%7C2%7C1617819669%7C0%7C0%7C1617819669%7C2%7C0%7C0&prodName=JM&prodSource=Search
152,Galaxie 218,$856,"Bagnes, Valais"," ""Good"" ",empty,380 ft² Apartment ∙ 1 bedroom ∙ 4 guests,/rental/95b1c3c15bd1692b86faff598f805101?duration=6&location=5460aea910151&arrival=2021-05-31&persons=2&adults=2&bedrooms=1&bathrooms=1&maxPricePerNight=208USD&pricetype=totalPrice&timestamp=2021-04-07T20%3A21%3A10%2B02%3A00&id=match53e34d40dc29d&directId=95b1c3c15bd1692b86faff598f805101&searchId=a0e9c18804f87c21&screen=search&isHotel=0&clickId=B65DR30K&sT=withDates&pCon=855.6%7CUSD%7C2021-05-31%7C6%7C2%7C1617819670%7C0%7C0%7C1617819670%7C2%7C0%7C0&prodName=JM&prodSource=Search
153,Modern eingerichtete Ferienwohnung in Andermatt,$721,"Andermatt, Canton of Uri"," ""Very good"" ",In high demand ,910 ft² Apartment ∙ 2 bedrooms ∙ 5 guests,/rental/cf3d4e506e7b8b63abe2514c11a3ee1e?duration=6&location=5460aea910151&arrival=2021-05-31&persons=2&adults=2&bedrooms=1&bathrooms=1&maxPricePerNight=208USD&pricetype=totalPrice&timestamp=2021-04-07T20%3A21%3A10%2B02%3A00&id=match5638a5f77c94c&directId=cf3d4e506e7b8b63abe2514c11a3ee1e&searchId=a0e9c18804f87c21&screen=search&isHotel=0&pa=not_allowed&clickId=JWH4K37Z&sT=withDates&pCon=827.78491831638%7CUSD%7C2021-05-31%7C6%7C2%7C1617819670%7C0%7C0%7C1617819670%7C2%7C0%7C0&prodName=JM&prodSource=Search
154,Two-bedroom apartment with private entrance and private garden,"$1,070","Leysin, Vaud"," ""Excellent""",empty,750 ft² Apartment ∙ 2 bedrooms ∙ 4 guests,/rental/7963a2e7e3345cc21ee56baf971df969?duration=6&location=5460aea910151&arrival=2021-05-31&persons=2&adults=2&bedrooms=1&maxPricePerNight=208USD&pricetype=totalPrice&searchId=a0e9c18804f87c21
155,Schönes Rustico,$649,"Blenio, Ticino"," ""Very good"" ",In high demand ,Apartment ∙ 2 bedrooms ∙ 5 guests,/rental/1e61c2c6238df5ef908f19f8f9b9dd22?duration=6&location=5460aea910151&arrival=2021-05-31&persons=2&adults=2&bedrooms=1&bathrooms=1&maxPricePerNight=208USD&pricetype=totalPrice&timestamp=2021-04-07T20%3A21%3A11%2B02%3A00&id=bcfe0ab6ae643d8c&directId=1e61c2c6238df5ef908f19f8f9b9dd22&searchId=a0e9c18804f87c21&screen=search&isHotel=0&pa=not_allowed&clickId=LJRM7YKF&sT=withDates&pCon=760.35010088096%7CUSD%7C2021-05-31%7C6%7C2%7C1617819671%7C0%7C0%7C1617819671%7C2%7C0%7C0&prodName=JM&prodSource=Search
156,Select,$752,"Zermatt, Valais"," ""Good"" ",empty,380 ft² Apartment ∙ 1 bedroom ∙ 3 guests,/rental/6e745032b9cb6be026cde2771f6e4b1f?duration=6&location=5460aea910151&arrival=2021-05-31&persons=2&adults=2&bedrooms=1&bathrooms=1&maxPricePerNight=208USD&pricetype=totalPrice&timestamp=2021-04-07T20%3A21%3A11%2B02%3A00&id=match53e34331de979&directId=6e745032b9cb6be026cde2771f6e4b1f&searchId=a0e9c18804f87c21&screen=search&isHotel=0&clickId=1GYMMJTF&sT=withDates&pCon=751.2%7CUSD%7C2021-05-31%7C6%7C2%7C1617819671%7C0%7C0%7C1617819671%7C2%7C0%7C0&prodName=JM&prodSource=Search
157,"Chalet Oase, upper floor",$457,"Leuk, Valais",empty,In high demand ,540 ft² House ∙ 3 bedrooms ∙ 6 guests,/rental/796537179c6832f8c85d15941b5cdcfd?duration=6&location=5460aea910151&arrival=2021-05-31&persons=2&adults=2&bedrooms=1&bathrooms=1&maxPricePerNight=208USD&pricetype=totalPrice&timestamp=2021-04-07T20%3A21%3A12%2B02%3A00&id=5d292f37fe0c8aff&directId=796537179c6832f8c85d15941b5cdcfd&searchId=a0e9c18804f87c21&screen=search&isHotel=0&pa=not_allowed&clickId=1H6HH58W&sT=withDates&pCon=551.07135156034%7CUSD%7C2021-05-31%7C6%7C2%7C1617819672%7C0%7C0%7C1617819672%7C2%7C0%7C0&prodName=JM&prodSource=Search
158,Chalet Seeberg,$879,"Lenk im Simmental, Canton of Bern"," ""Very good"" ",empty,470 ft² Apartment ∙ 2 bedrooms ∙ 4 guests,/rental/4e770074bb962cf98fb45fa581f69898?duration=6&location=5460aea910151&arrival=2021-05-31&persons=2&adults=2&bedrooms=1&bathrooms=1&maxPricePerNight=208USD&pricetype=totalPrice&timestamp=2021-04-07T20%3A21%3A12%2B02%3A00&id=match53e34e1724447&directId=4e770074bb962cf98fb45fa581f69898&searchId=a0e9c18804f87c21&screen=search&isHotel=0&clickId=6VMBRLCW&sT=withDates&pCon=878.4%7CUSD%7C2021-05-31%7C6%7C2%7C1617819672%7C0%7C0%7C1617819672%7C2%7C0%7C0&prodName=JM&prodSource=Search
159,Ecluses 2,$712,"Nendaz, Valais"," ""Very good"" ",Pool ,670 ft² Apartment ∙ 2 bedrooms ∙ 5 guests,/rental/aee53cca0a841d3a1ec50e7948efd527?duration=6&location=5460aea910151&arrival=2021-05-31&persons=2&adults=2&bedrooms=1&bathrooms=1&maxPricePerNight=208USD&pricetype=totalPrice&timestamp=2021-04-07T20%3A21%3A12%2B02%3A00&id=965e668e7f546601&directId=aee53cca0a841d3a1ec50e7948efd527&searchId=a0e9c18804f87c21&screen=search&isHotel=0&clickId=NGMMZSR5&sT=withDates&pCon=711.6%7CUSD%7C2021-05-31%7C6%7C2%7C1617819672%7C0%7C0%7C1617819672%7C2%7C0%7C0&prodName=JM&prodSource=Search
160,"Apartment in chalet in the Valley of the Falls, WiFi available","$1,212","Lauterbrunnen, Canton of Bern"," ""Excellent""", Free cancellation ,810 ft² Apartment ∙ 2 bedrooms ∙ 4 guests,/rental/548ea0a0440a1dac8c1c3dce1421f1da?duration=6&location=5460aea910151&arrival=2021-05-31&persons=2&adults=2&bedrooms=1&maxPricePerNight=208USD&pricetype=totalPrice&searchId=a0e9c18804f87c21
161,Steimandli,$808,"Gstaad, Canton of Bern"," ""Outstanding"" ",empty,Apartment ∙ 1 bedroom ∙ 4 guests,/rental/2d98d1a9734b6b1e46c1421a370badfe?duration=6&location=5460aea910151&arrival=2021-05-31&persons=2&adults=2&bedrooms=1&bathrooms=1&maxPricePerNight=208USD&pricetype=totalPrice&timestamp=2021-04-07T20%3A21%3A13%2B02%3A00&id=match568bfdb51aed9&directId=2d98d1a9734b6b1e46c1421a370badfe&searchId=a0e9c18804f87c21&screen=search&isHotel=0&clickId=WNGNHZKB&sT=withDates&pCon=807.6%7CUSD%7C2021-05-31%7C6%7C2%7C1617819673%7C0%7C0%7C1617819673%7C2%7C0%7C0&prodName=JM&prodSource=Search
162,Wenger 5-bedded apartment,$521,"Meiringen, Canton of Bern"," ""Excellent""",In high demand Pool ,860 ft² Apartment ∙ 2 bedrooms ∙ 5 guests,/rental/3c9c0acc710878c9eb4f0612c575162f?duration=6&location=5460aea910151&arrival=2021-05-31&persons=2&adults=2&bedrooms=1&bathrooms=1&maxPricePerNight=208USD&pricetype=totalPrice&timestamp=2021-04-07T20%3A21%3A14%2B02%3A00&id=5b3685e7dace139c&directId=3c9c0acc710878c9eb4f0612c575162f&searchId=a0e9c18804f87c21&screen=search&isHotel=0&pa=not_allowed&clickId=GZXHRC0S&sT=withDates&pCon=645.39637064875%7CUSD%7C2021-05-31%7C6%7C2%7C1617819674%7C0%7C0%7C1617819674%7C2%7C0%7C0&prodName=JM&prodSource=Search
163,"Alpine Romantic Cuckoo, Ayer, Grimentz, Zinal, St Luc,",$990,"Ayer, Valais"," ""Excellent""",empty,380 ft² House ∙ 1 bedroom ∙ 5 guests,/rental/a8e6f40788ac908b3c930234f19bfd89?duration=6&location=5460aea910151&arrival=2021-05-31&persons=2&adults=2&bedrooms=1&maxPricePerNight=208USD&pricetype=totalPrice&searchId=a0e9c18804f87c21
164,"2 Room, Kitchen, South Balcony, Pool, Covered Parking In Quiet Täsch (zermatt)",$559,"Täsch, Valais"," ""Excellent""", Free cancellation Pool ,430 ft² Apartment ∙ 2 bedrooms ∙ 3 guests,/rental/d5222774d2aa0c4842b7644f90279d32?duration=6&location=5460aea910151&arrival=2021-05-31&persons=2&adults=2&bedrooms=1&maxPricePerNight=208USD&pricetype=totalPrice&searchId=a0e9c18804f87c21
165,Bauernhof Elmiger,$492,"Ermensee, Lucerne"," ""Outstanding"" ",In high demand ,Apartment ∙ 2 bedrooms ∙ 4 guests,/rental/e73c8d6280f4cb03a8463849dd5958e2?duration=6&location=5460aea910151&arrival=2021-05-31&persons=2&adults=2&bedrooms=1&bathrooms=1&maxPricePerNight=208USD&pricetype=totalPrice&timestamp=2021-04-07T20%3A21%3A15%2B02%3A00&id=match5639110b3e212&directId=e73c8d6280f4cb03a8463849dd5958e2&searchId=a0e9c18804f87c21&screen=search&isHotel=0&pa=not_allowed&clickId=432NMKQG&sT=withDates&pCon=565.58688000989%7CUSD%7C2021-05-31%7C6%7C2%7C1617819675%7C0%7C0%7C1617819675%7C2%7C0%7C0&prodName=JM&prodSource=Search
166,"Detached chalet Valais, Switzerland, Valais, Fiesch",$606,"Fiesch, Valais"," ""Very good"" ",empty,700 ft² House ∙ 2 bedrooms ∙ 4 guests,/rental/e32bcb64d4dc17a3a3389b7f5078aa0e?duration=6&location=5460aea910151&arrival=2021-05-31&persons=2&adults=2&bedrooms=1&maxPricePerNight=208USD&pricetype=totalPrice&searchId=a0e9c18804f87c21
167,Apollo,$378,"Saas-Almagell, Valais"," ""Very good"" ",empty,270 ft² Apartment ∙ 1 bedroom ∙ 2 guests,/rental/febfb18cd5133bc2cd4613ac5ef7c97c?duration=6&location=5460aea910151&arrival=2021-05-31&persons=2&adults=2&bedrooms=1&bathrooms=1&maxPricePerNight=208USD&pricetype=totalPrice&timestamp=2021-04-07T20%3A21%3A17%2B02%3A00&id=match54096d9288f7c&directId=febfb18cd5133bc2cd4613ac5ef7c97c&searchId=a0e9c18804f87c21&screen=search&isHotel=0&clickId=TYHZWB2Z&sT=withDates&pCon=378%7CUSD%7C2021-05-31%7C6%7C2%7C1617819677%7C0%7C0%7C1617819677%7C2%7C0%7C0&prodName=JM&prodSource=Search
168,Arnika 2,$965,"Lenk im Simmental, Canton of Bern"," ""Very good"" ",empty,Apartment ∙ 2 bedrooms ∙ 5 guests,/rental/76a3e6546d39c55c20536b689b5efcfc?duration=6&location=5460aea910151&arrival=2021-05-31&persons=2&adults=2&bedrooms=1&bathrooms=1&maxPricePerNight=208USD&pricetype=totalPrice&timestamp=2021-04-07T20%3A21%3A17%2B02%3A00&id=match53e347ea1ecea&directId=76a3e6546d39c55c20536b689b5efcfc&searchId=a0e9c18804f87c21&screen=search&isHotel=0&clickId=65G2KCC4&sT=withDates&pCon=964.8%7CUSD%7C2021-05-31%7C6%7C2%7C1617819677%7C0%7C0%7C1617819677%7C2%7C0%7C0&prodName=JM&prodSource=Search
169,Lauberhaus,"$1,092","Zermatt, Valais"," ""Good"" ",empty,700 ft² Apartment ∙ 2 bedrooms ∙ 4 guests,/rental/73dbdbd6b373b8e30cdba9cb9e3c3efa?duration=6&location=5460aea910151&arrival=2021-05-31&persons=2&adults=2&bedrooms=1&bathrooms=1&maxPricePerNight=208USD&pricetype=totalPrice&timestamp=2021-04-07T20%3A21%3A17%2B02%3A00&id=match53e3458f8f41a&directId=73dbdbd6b373b8e30cdba9cb9e3c3efa&searchId=a0e9c18804f87c21&screen=search&isHotel=0&clickId=7HX733JW&sT=withDates&pCon=1092%7CUSD%7C2021-05-31%7C6%7C2%7C1617819677%7C0%7C0%7C1617819677%7C2%7C0%7C0&prodName=JM&prodSource=Search
170,"Grimentz - A Modern 2 Bedroom (sleeps 4) Ski Apartment, Across from the Piste",$866,"Grimentz, Valais"," ""Excellent""",empty,Apartment ∙ 2 bedrooms ∙ 4 guests,/rental/940a75151d09fd3f5bda5ed7ca8bca75?duration=6&location=5460aea910151&arrival=2021-05-31&persons=2&adults=2&bedrooms=1&maxPricePerNight=208USD&pricetype=totalPrice&searchId=a0e9c18804f87c21
171,Casa Strecce - App. 2,$862,"Vergeletto, Ticino"," ""Outstanding"" ",empty,Apartment ∙ 3 bedrooms ∙ 5 guests,/rental/021003323f50c183e46da496269e4563?duration=6&location=5460aea910151&arrival=2021-05-31&persons=2&adults=2&bedrooms=1&bathrooms=1&maxPricePerNight=208USD&pricetype=totalPrice&timestamp=2021-04-07T20%3A21%3A18%2B02%3A00&id=match53e34effafcca&directId=021003323f50c183e46da496269e4563&searchId=a0e9c18804f87c21&screen=search&isHotel=0&clickId=N2WNCQHR&sT=withDates&pCon=861.6%7CUSD%7C2021-05-31%7C6%7C2%7C1617819678%7C0%7C0%7C1617819678%7C2%7C0%7C0&prodName=JM&prodSource=Search
172,Wiedersehn,$668,"Grächen, Valais"," ""Very good"" ",empty,810 ft² Apartment ∙ 2 bedrooms ∙ 4 guests,/rental/63d1379dc99fd80d5cd2d3b24d5626ee?duration=6&location=5460aea910151&arrival=2021-05-31&persons=2&adults=2&bedrooms=1&bathrooms=1&maxPricePerNight=208USD&pricetype=totalPrice&timestamp=2021-04-07T20%3A21%3A18%2B02%3A00&id=match53e346eaed932&directId=63d1379dc99fd80d5cd2d3b24d5626ee&searchId=a0e9c18804f87c21&screen=search&isHotel=0&clickId=FMSV104V&sT=withDates&pCon=667.2%7CUSD%7C2021-05-31%7C6%7C2%7C1617819678%7C0%7C0%7C1617819678%7C2%7C0%7C0&prodName=JM&prodSource=Search
173,Bellevue,$774,"Montreux, Vaud",empty,empty,480 ft² Apartment ∙ 1 bedroom ∙ 4 guests,/rental/60360760b1866b260e6e39fe08bd8d62?duration=6&location=5460aea910151&arrival=2021-05-31&persons=2&adults=2&bedrooms=1&bathrooms=1&maxPricePerNight=208USD&pricetype=totalPrice&timestamp=2021-04-07T20%3A21%3A19%2B02%3A00&id=639bd131ecff5660&directId=60360760b1866b260e6e39fe08bd8d62&searchId=a0e9c18804f87c21&screen=search&isHotel=0&clickId=X6BRQNFW&sT=withDates&pCon=774%7CUSD%7C2021-05-31%7C6%7C2%7C1617819679%7C0%7C0%7C1617819679%7C2%7C0%7C0&prodName=JM&prodSource=Search
174,3 1/2 Zimmer Maisonett Wohnung,"$1,234","Davos, Grisons",empty,In high demand ,810 ft² Apartment ∙ 2 bedrooms ∙ 5 guests,/rental/a90392bd53bfe866e6d2fefdc00562bb?duration=6&location=5460aea910151&arrival=2021-05-31&persons=2&adults=2&bedrooms=1&bathrooms=1&maxPricePerNight=208USD&pricetype=totalPrice&timestamp=2021-04-07T20%3A21%3A19%2B02%3A00&id=18d7c8eee16207e5&directId=a90392bd53bfe866e6d2fefdc00562bb&searchId=a0e9c18804f87c21&screen=search&isHotel=0&pa=not_allowed&clickId=GMDQL4N4&sT=withDates&pCon=1309.6483976355%7CUSD%7C2021-05-31%7C6%7C2%7C1617819679%7C0%7C0%7C1617819679%7C2%7C0%7C0&prodName=JM&prodSource=Search
175,Crap Milan,$549,"Bivio, Grisons"," ""Good"" ",empty,810 ft² Apartment ∙ 1 bedroom ∙ 4 guests,/rental/b1684581f9a92ec7aeeb43b47a2d9e19?duration=6&location=5460aea910151&arrival=2021-05-31&persons=2&adults=2&bedrooms=1&bathrooms=1&maxPricePerNight=208USD&pricetype=totalPrice&timestamp=2021-04-07T20%3A21%3A20%2B02%3A00&id=match53e343cac8b80&directId=b1684581f9a92ec7aeeb43b47a2d9e19&searchId=a0e9c18804f87c21&screen=search&isHotel=0&clickId=6HBPX7V7&sT=withDates&pCon=548.4%7CUSD%7C2021-05-31%7C6%7C2%7C1617819680%7C0%7C0%7C1617819680%7C2%7C0%7C0&prodName=JM&prodSource=Search
176,Fontana,$651,"Zermatt, Valais"," ""Very good"" ",empty,300 ft² Apartment ∙ 1 bedroom ∙ 2 guests,/rental/ab839e695daa39038a19b6e0dfc84c45?duration=6&location=5460aea910151&arrival=2021-05-31&persons=2&adults=2&bedrooms=1&bathrooms=1&maxPricePerNight=208USD&pricetype=totalPrice&timestamp=2021-04-07T20%3A21%3A20%2B02%3A00&id=1ae418736390a375&directId=ab839e695daa39038a19b6e0dfc84c45&searchId=a0e9c18804f87c21&screen=search&isHotel=0&clickId=WJKS7CQ3&sT=withDates&pCon=650.4%7CUSD%7C2021-05-31%7C6%7C2%7C1617819680%7C0%7C0%7C1617819680%7C2%7C0%7C0&prodName=JM&prodSource=Search
177,3 apartment Bahari Zermatt,$521,"Zermatt, Valais"," ""Excellent""",In high demand ,320 ft² Apartment ∙ 1 bedroom ∙ 2 guests,/rental/e75b0b0bb06fe75ca2299b94c76539e4?duration=6&location=5460aea910151&arrival=2021-05-31&persons=2&adults=2&bedrooms=1&bathrooms=1&maxPricePerNight=208USD&pricetype=totalPrice&timestamp=2021-04-07T20%3A21%3A20%2B02%3A00&id=match563b436d4d26d&directId=e75b0b0bb06fe75ca2299b94c76539e4&searchId=a0e9c18804f87c21&screen=search&isHotel=0&pa=not_allowed&clickId=HR8V2486&sT=withDates&pCon=740.7442614302%7CUSD%7C2021-05-31%7C6%7C2%7C1617819680%7C0%7C0%7C1617819680%7C2%7C0%7C0&prodName=JM&prodSource=Search
178,"Loft in Walserhaus, balcony, unobstructed location",$713,"Davos, Grisons"," ""Excellent""", Free cancellation ,540 ft² Apartment ∙ 2 bedrooms ∙ 3 guests,/rental/ce6045e1db9eb2663dedf13538ace900?duration=6&location=5460aea910151&arrival=2021-05-31&persons=2&adults=2&bedrooms=1&maxPricePerNight=208USD&pricetype=totalPrice&searchId=a0e9c18804f87c21
179,Studiowohnung mit Aussicht auf Wasserfall,$343,"Meiringen, Canton of Bern",empty, Free cancellation ,Apartment ∙ 2 guests,/rental/1c769c827e1413fb9b4276437e814ed0?duration=6&location=5460aea910151&arrival=2021-05-31&persons=2&adults=2&bedrooms=1&maxPricePerNight=208USD&pricetype=totalPrice&searchId=a0e9c18804f87c21
180,Luchre,$911,"Zermatt, Valais"," ""Very good"" ",empty,700 ft² Apartment ∙ 1 bedroom ∙ 4 guests,/rental/fbaab1391e4965b820b2ef4ea814e909?duration=6&location=5460aea910151&arrival=2021-05-31&persons=2&adults=2&bedrooms=1&bathrooms=1&maxPricePerNight=208USD&pricetype=totalPrice&timestamp=2021-04-07T20%3A21%3A21%2B02%3A00&id=match53e34d5fb3911&directId=fbaab1391e4965b820b2ef4ea814e909&searchId=a0e9c18804f87c21&screen=search&isHotel=0&clickId=4KSV1Z4V&sT=withDates&pCon=910.8%7CUSD%7C2021-05-31%7C6%7C2%7C1617819681%7C0%7C0%7C1617819681%7C2%7C0%7C0&prodName=JM&prodSource=Search
181,Rental small chalet leukerbad,$713,"Inden, Valais",empty, Free cancellation ,House ∙ 2 bedrooms ∙ 4 guests,/rental/bf5a8bc11bcb526550952b3dbf65cd11?duration=6&location=5460aea910151&arrival=2021-05-31&persons=2&adults=2&bedrooms=1&maxPricePerNight=208USD&pricetype=totalPrice&searchId=a0e9c18804f87c21
182,Apart Kleinstein-Maass Nr. 1,$328,"Samnaun, Grisons"," ""Outstanding"" ",In high demand ,340 ft² Apartment ∙ 1 bedroom ∙ 3 guests,/rental/d23c40dbd5c5cc8c5ec5bce0d494dfea?duration=6&location=5460aea910151&arrival=2021-05-31&persons=2&adults=2&bedrooms=1&bathrooms=1&maxPricePerNight=208USD&pricetype=totalPrice&timestamp=2021-04-07T20%3A21%3A22%2B02%3A00&id=match563904351567e&directId=d23c40dbd5c5cc8c5ec5bce0d494dfea&searchId=a0e9c18804f87c21&screen=search&isHotel=0&pa=not_allowed&clickId=418VJPSS&sT=withDates&pCon=433.94467480916%7CUSD%7C2021-05-31%7C6%7C2%7C1617819682%7C0%7C0%7C1617819682%7C2%7C0%7C0&prodName=JM&prodSource=Search
183,Chalet Wäschhüsi,$928,"Adelboden, Canton of Bern",empty,empty,Apartment ∙ 1 bedroom ∙ 2 guests,/rental/1afaf2b2ab1da302bbea79ef5a7e8c9e?duration=6&location=5460aea910151&arrival=2021-05-31&persons=2&adults=2&bedrooms=1&bathrooms=1&maxPricePerNight=208USD&pricetype=totalPrice&timestamp=2021-04-07T20%3A21%3A23%2B02%3A00&id=4438a8b3b51c280a&directId=1afaf2b2ab1da302bbea79ef5a7e8c9e&searchId=a0e9c18804f87c21&screen=search&isHotel=0&clickId=SYRH6YZ5&sT=withDates&pCon=927.6%7CUSD%7C2021-05-31%7C6%7C2%7C1617819683%7C0%7C0%7C1617819683%7C2%7C0%7C0&prodName=JM&prodSource=Search
184,"Laax: 1.5 bdrm luxury flat w/ indoor & outdoor pools, sauna, 150 m from ski lift",$381,"Laax, Grisons"," ""Good"" ",Pool ,360 ft² Apartment ∙ 1 bedroom ∙ 3 guests,/rental/b89f699fec62227ecd2e4d286190a5b8?duration=6&location=5460aea910151&arrival=2021-05-31&persons=2&adults=2&bedrooms=1&maxPricePerNight=208USD&pricetype=totalPrice&searchId=a0e9c18804f87c21
185,Casa Pia,$617,"Zermatt, Valais"," ""Very good"" ",empty,270 ft² Apartment ∙ 1 bedroom ∙ 2 guests,/rental/713b1f0612b16f20a0e0bbbf1cbd756f?duration=6&location=5460aea910151&arrival=2021-05-31&persons=2&adults=2&bedrooms=1&bathrooms=1&maxPricePerNight=208USD&pricetype=totalPrice&timestamp=2021-04-07T20%3A21%3A23%2B02%3A00&id=cc2fafd050a9a9d5&directId=713b1f0612b16f20a0e0bbbf1cbd756f&searchId=a0e9c18804f87c21&screen=search&isHotel=0&clickId=5HVQ61DX&sT=withDates&pCon=616.8%7CUSD%7C2021-05-31%7C6%7C2%7C1617819683%7C0%7C0%7C1617819683%7C2%7C0%7C0&prodName=JM&prodSource=Search
186,Suzanne Nr. 21,$508,"Gstaad, Canton of Bern"," ""Very good"" ",empty,230 ft² Apartment ∙ 1 bedroom ∙ 2 guests,/rental/c4ae75ffd6618b23bf9bb37b328dd646?duration=6&location=5460aea910151&arrival=2021-05-31&persons=2&adults=2&bedrooms=1&bathrooms=1&maxPricePerNight=208USD&pricetype=totalPrice&timestamp=2021-04-07T20%3A21%3A24%2B02%3A00&id=match53e34c38a0449&directId=c4ae75ffd6618b23bf9bb37b328dd646&searchId=a0e9c18804f87c21&screen=search&isHotel=0&clickId=WF0Z8GWW&sT=withDates&pCon=507.6%7CUSD%7C2021-05-31%7C6%7C2%7C1617819684%7C0%7C0%7C1617819684%7C2%7C0%7C0&prodName=JM&prodSource=Search
187,Apartment Finel,"$1,170","Lauterbrunnen, Canton of Bern",empty,In high demand ,860 ft² Apartment ∙ 3 bedrooms ∙ 5 guests,/rental/333cf8e28ae250c9c92d6bdc17d1883d?duration=6&location=5460aea910151&arrival=2021-05-31&persons=2&adults=2&bedrooms=1&bathrooms=1&maxPricePerNight=208USD&pricetype=totalPrice&timestamp=2021-04-07T20%3A21%3A24%2B02%3A00&id=7b4a7e06072c4964&directId=333cf8e28ae250c9c92d6bdc17d1883d&searchId=a0e9c18804f87c21&screen=search&isHotel=0&pa=not_allowed&clickId=CNLDD0QQ&sT=withDates&pCon=1309.2516483711%7CUSD%7C2021-05-31%7C6%7C2%7C1617819684%7C0%7C0%7C1617819684%7C2%7C0%7C0&prodName=JM&prodSource=Search
188,4 persons Apartment in haus Konkordia - Riederalp,$428,"Riederalp, Valais"," ""Very good"" ",empty,690 ft² Apartment ∙ 1 bedroom ∙ 4 guests,/rental/bf45744745cde05d0121164d79532885?duration=6&location=5460aea910151&arrival=2021-05-31&persons=2&adults=2&bedrooms=1&maxPricePerNight=208USD&pricetype=totalPrice&searchId=a0e9c18804f87c21
189,Pasadena,$962,"Zermatt, Valais"," ""Good"" ",empty,270 ft² Apartment ∙ 1 bedroom ∙ 3 guests,/rental/7bd9a7ff700405c2c51bf343c5a19b88?duration=6&location=5460aea910151&arrival=2021-05-31&persons=2&adults=2&bedrooms=1&bathrooms=1&maxPricePerNight=208USD&pricetype=totalPrice&timestamp=2021-04-07T20%3A21%3A26%2B02%3A00&id=match53e34f307e28c&directId=7bd9a7ff700405c2c51bf343c5a19b88&searchId=a0e9c18804f87c21&screen=search&isHotel=0&clickId=50HKMJJF&sT=withDates&pCon=961.2%7CUSD%7C2021-05-31%7C6%7C2%7C1617819686%7C0%7C0%7C1617819686%7C2%7C0%7C0&prodName=JM&prodSource=Search
190,Chalet Abendrot,$653,"Grindelwald, Canton of Bern"," ""Good"" ",empty,230 ft² Apartment ∙ 1 bedroom ∙ 2 guests,/rental/dafc00ecb9019c262e540b961f746d6d?duration=6&location=5460aea910151&arrival=2021-05-31&persons=2&adults=2&bedrooms=1&bathrooms=1&maxPricePerNight=208USD&pricetype=totalPrice&timestamp=2021-04-07T20%3A21%3A26%2B02%3A00&id=match53e34f2750871&directId=dafc00ecb9019c262e540b961f746d6d&searchId=a0e9c18804f87c21&screen=search&isHotel=0&clickId=HJ2WLYMT&sT=withDates&pCon=652.8%7CUSD%7C2021-05-31%7C6%7C2%7C1617819686%7C0%7C0%7C1617819686%7C2%7C0%7C0&prodName=JM&prodSource=Search
191,Stilvoll eingerichtete  Ferienwohnung nahe der Bergbahnen.,$728,"Adelboden, Canton of Bern",empty,empty,830 ft² Apartment ∙ 2 bedrooms ∙ 4 guests,/rental/a481bf3bec872a5ed4869034ac29f938?duration=6&location=5460aea910151&arrival=2021-05-31&persons=2&adults=2&bedrooms=1&maxPricePerNight=208USD&pricetype=totalPrice&searchId=a0e9c18804f87c21
192,Rousserolles rez gauche,$864,"Bagnes, Valais"," ""Good"" ",empty,320 ft² Apartment ∙ 1 bedroom ∙ 4 guests,/rental/79b57b165468a81a73520bdfac796486?duration=6&location=5460aea910151&arrival=2021-05-31&persons=2&adults=2&bedrooms=1&bathrooms=1&maxPricePerNight=208USD&pricetype=totalPrice&timestamp=2021-04-07T20%3A21%3A26%2B02%3A00&id=match53e35007b5cd5&directId=79b57b165468a81a73520bdfac796486&searchId=a0e9c18804f87c21&screen=search&isHotel=0&clickId=XL92BTZL&sT=withDates&pCon=864%7CUSD%7C2021-05-31%7C6%7C2%7C1617819686%7C0%7C0%7C1617819686%7C2%7C0%7C0&prodName=JM&prodSource=Search
193,"Gemütliche Ferienwohnung an ruhiger Lage, nahe dem Zentrum.",$580,"Adelboden, Canton of Bern",empty,empty,480 ft² Apartment ∙ 1 bedroom ∙ 2 guests,/rental/fd5f9dfe7f67b6757ce85a97d26be6ca?duration=6&location=5460aea910151&arrival=2021-05-31&persons=2&adults=2&bedrooms=1&maxPricePerNight=208USD&pricetype=totalPrice&searchId=a0e9c18804f87c21
194,"1 1/2 room apartment, splendid view, 2min walk from the cable car.",$452,"Nendaz, Valais"," ""Very good"" ", Free cancellation ,320 ft² Apartment ∙ 3 guests,/rental/23cce2eaf2c9bb03a3052b6d74ce0db1?duration=6&location=5460aea910151&arrival=2021-05-31&persons=2&adults=2&bedrooms=1&maxPricePerNight=208USD&pricetype=totalPrice&searchId=a0e9c18804f87c21
195,Apartment Riederalp 1.5 rooms,$428,"Riederalp, Valais"," ""Outstanding"" ", Free cancellation ,430 ft² Apartment ∙ 4 guests,/rental/a2fe4db25ab01888a457c08d62562714?duration=6&location=5460aea910151&arrival=2021-05-31&persons=2&adults=2&bedrooms=1&maxPricePerNight=208USD&pricetype=totalPrice&searchId=a0e9c18804f87c21
196,"Outside: Flat on the ground floor of a chalet near the cog railway, for 2-4 persons, large terrace",$426,"Saint-Luc, Valais",empty, Free cancellation ,430 ft² Apartment ∙ 1 bedroom ∙ 4 guests,/rental/6e080deaae43454c69a5f5f7d27120b4?duration=6&location=5460aea910151&arrival=2021-05-31&persons=2&adults=2&bedrooms=1&maxPricePerNight=208USD&pricetype=totalPrice&searchId=a0e9c18804f87c21
